,city,district,region,metro,adress,age_of_construction,rooms_in_flat,rooms_to_rent,apartment_layout,ceiling_height,restroom,bathroom,remont,window_view,floor_of_flat,height,to_metro,type_of_way,price,kitchen_size,room_size,building_age,share_in_flat,remont_scale,price_per_square
0,Москва,ЮАО,р-н Братеево,Алма-Атинская,Ключевая улица 22К1,1958.0,3.0,1.0,,,1 раздельный,Есть,Косметический,,12.0,17.0,5.0,пешком,19000,9.235539215686275,14.0,63.0,0.3333333333333333,1,1357.142857142857
1,Москва,ВАО,р-н Вешняки,Выхино,Вешняковская улица 37,1958.0,3.0,1.0,,,1 раздельный,Есть,Косметический,,6.0,12.0,8.0,пешком,18000,9.235539215686275,16.0,63.0,0.3333333333333333,1,1125.0
2,Москва,СВАО,р-н Отрадное,Владыкино,Алтуфьевское шоссе 2,1980.0,2.0,1.0,Изолированная,2.7,1 раздельный,Есть,Евроремонт,1.0,7.0,16.0,3.0,пешком,35000,5.0,20.0,41.0,0.5,2,1750.0
3,Москва,ЮАО,р-н Даниловский,Павелецкая,Павелецкая набережная 2С2,1989.0,6.0,1.0,,3.0,"4 совмещенных, 4 раздельных",,Косметический,1.0,1.0,4.0,15.0,пешком,16000,12.0,6.0,32.0,0.16666666666666666,1,2666.6666666666665
4,Москва,ЮАО,р-н Орехово-Борисово Северное,Домодедовская,Ореховый бульвар 11К1,1973.0,3.0,1.0,Изолированная,,1 совмещенный,Есть,Косметический,2.0,2.0,9.0,1.0,пешком,17000,7.0,18.0,48.0,0.3333333333333333,1,944.4444444444445
5,Москва,ЮВАО,р-н Лефортово,Лефортово,Боровая улица 4,1958.0,4.0,1.0,Изолированная,,1 раздельный,Есть,Косметический,,1.0,5.0,14.0,пешком,20000,16.0,20.0,63.0,0.25,1,1000.0
6,Москва,СВАО,р-н Бибирево,Бибирево,улица Плещеева 10,1981.0,2.0,1.0,Изолированная,2.64,1 раздельный,Есть,Евроремонт,2.0,4.0,12.0,2.0,пешком,15000,9.0,15.0,40.0,0.5,2,1000.0
7,Москва,ЮАО,р-н Чертаново Центральное,Пражская,улица Красного Маяка 15АС1,1958.0,5.0,1.0,Изолированная,,1 раздельный,,Косметический,2.0,3.0,4.0,15.0,пешком,10000,15.0,10.0,63.0,0.2,1,1000.0
8,Москва,ЮАО,р-н Чертаново Центральное,Пражская,улица Красного Маяка 15АС1,1958.0,5.0,1.0,Изолированная,,1 раздельный,,Косметический,2.0,2.0,4.0,15.0,пешком,10000,15.0,10.0,63.0,0.2,1,1000.0
9,Москва,ЮАО,р-н Чертаново Центральное,Пражская,улица Красного Маяка 15АС1,1958.0,5.0,1.0,Изолированная,,1 раздельный,,Косметический,2.0,2.0,4.0,15.0,пешком,10000,15.0,10.0,63.0,0.2,1,1000.0
10,Москва,ЮАО,р-н Чертаново Центральное,Пражская,улица Красного Маяка 15АС1,1958.0,5.0,1.0,Изолированная,,1 раздельный,,Косметический,2.0,4.0,4.0,15.0,пешком,11000,15.0,12.0,63.0,0.2,1,916.6666666666666
11,Москва,ЮАО,р-н Чертаново Центральное,Пражская,улица Красного Маяка 15АС1,1958.0,5.0,1.0,Изолированная,,1 раздельный,,Косметический,2.0,2.0,4.0,15.0,пешком,11000,15.0,12.0,63.0,0.2,1,916.6666666666666
12,Москва,ЮАО,р-н Чертаново Центральное,Пражская,улица Красного Маяка 15АС1,1958.0,5.0,1.0,Изолированная,,1 раздельный,,Косметический,2.0,2.0,3.0,15.0,пешком,13000,15.0,16.0,63.0,0.2,1,812.5
13,Москва,ЮАО,р-н Чертаново Центральное,Пражская,улица Красного Маяка 15АС1,1958.0,5.0,1.0,Изолированная,,1 раздельный,,Косметический,2.0,3.0,4.0,15.0,пешком,13000,15.0,18.0,63.0,0.2,1,722.2222222222222
14,Москва,НАО (Новомосковский),м. Румянцево,Румянцево,д. Румянцево улица Садовая,1958.0,6.0,1.0,Изолированная,,1 раздельный,Есть,Косметический,2.0,1.0,3.0,10.0,пешком,14000,15.0,14.0,63.0,0.16666666666666666,1,1000.0
15,Москва,ЮАО,р-н Чертаново Центральное,Пражская,улица Красного Маяка 15АС1,1958.0,5.0,1.0,Изолированная,,1 раздельный,,Косметический,2.0,3.0,4.0,15.0,пешком,14000,15.0,15.0,63.0,0.2,1,933.3333333333334
16,Москва,ЮЗАО,р-н Коньково,Беляево,улица Академика Арцимовича 5К3,1958.0,4.0,1.0,,,,Есть,Косметический,,1.0,5.0,8.0,пешком,14000,6.0,14.0,63.0,0.25,1,1000.0
17,Москва,ЮАО,р-н Чертаново Центральное,Пражская,улица Красного Маяка 15АС1,1958.0,5.0,1.0,Изолированная,,1 раздельный,,Косметический,2.0,3.0,4.0,15.0,пешком,15000,15.0,18.0,63.0,0.2,1,833.3333333333334
18,Москва,ЮАО,р-н Бирюлево Восточное,Орехово,Липецкая улица 36/20,1958.0,3.0,1.0,,,,Есть,Косметический,,1.0,17.0,302.335390625,на транспорте,16000,10.0,11.0,63.0,0.3333333333333333,1,1454.5454545454545
19,Москва,ЮАО,р-н Чертаново Центральное,Пражская,улица Красного Маяка 15АС1,1958.0,5.0,1.0,Изолированная,,1 раздельный,,Косметический,2.0,4.0,4.0,15.0,пешком,18000,15.0,25.0,63.0,0.2,1,720.0
20,Москва,СВАО,р-н Бибирево,Бибирево,улица Пришвина 9/2,1975.0,3.0,1.0,,2.64,1 раздельный,Есть,Косметический,2.0,7.0,12.0,5.0,пешком,20000,9.0,20.0,46.0,0.3333333333333333,1,1000.0
21,Москва,СВАО,р-н Южное Медведково,Медведково,Полярная улица 18,1973.0,2.0,1.0,Изолированная,,1 раздельный,Есть,Косметический,2.0,9.0,14.0,20.0,пешком,20000,10.0,20.0,48.0,0.5,1,1000.0
22,Москва,ЮАО,р-н Нагатино-Садовники,Нагатинская,Нагатинская улица 8,1959.0,3.0,1.0,Изолированная,,,Есть,Косметический,2.0,9.0,9.0,11.0,пешком,23000,8.0,17.0,62.0,0.3333333333333333,1,1352.9411764705883
23,Москва,ВАО,р-н Перово,Шоссе Энтузиастов,шоссе Энтузиастов 60к1,1988.0,2.0,1.0,Изолированная,,1 раздельный,Есть,Косметический,2.0,3.0,12.0,15.0,пешком,17000,10.0,15.0,33.0,0.5,1,1133.3333333333333
24,Москва,НАО (Новомосковский),м. Румянцево,Румянцево,д. Румянцево улица Садовая,1958.0,6.0,6.0,Изолированная,,1 раздельный,,Косметический,,1.0,3.0,10.0,пешком,17000,9.235539215686275,18.0,63.0,1.0,1,944.4444444444445
25,Москва,НАО (Новомосковский),м. Румянцево,Румянцево,д. Румянцево улица Садовая,1958.0,6.0,1.0,Изолированная,,1 раздельный,Есть,Косметический,2.0,2.0,3.0,10.0,пешком,16000,15.0,20.0,63.0,0.16666666666666666,1,800.0
26,Москва,НАО (Новомосковский),м. Румянцево,Румянцево,д. Румянцево улица Садовая,1958.0,6.0,6.0,Изолированная,,1 раздельный,,Косметический,2.0,2.0,4.0,16.0,пешком,17000,15.0,20.0,63.0,1.0,1,850.0
27,Москва,ЮАО,р-н Чертаново Центральное,Пражская,улица Красного Маяка 15АС1,1958.0,5.0,1.0,Изолированная,,1 раздельный,Есть,Косметический,2.0,2.0,4.0,15.0,пешком,12000,15.0,15.0,63.0,0.2,1,800.0
28,Москва,ЮАО,р-н Зябликово,Красногвардейская,улица Мусы Джалиля 29К1,1983.0,4.0,1.0,Изолированная,,1 раздельный,Есть,Косметический,2.0,1.0,16.0,3.0,пешком,14000,10.0,17.0,38.0,0.25,1,823.5294117647059
29,Москва,САО,р-н Бескудниковский,Селигерская,улица 800-летия Москвы 6,1981.0,3.0,1.0,Изолированная,2.64,1 раздельный,Есть,Косметический,2.0,10.0,16.0,15.0,пешком,16000,8.0,20.0,40.0,0.3333333333333333,1,800.0
30,Москва,ЮАО,р-н Чертаново Центральное,Пражская,улица Красного Маяка 15АС1,1958.0,5.0,1.0,Изолированная,,1 раздельный,,Косметический,2.0,3.0,4.0,15.0,пешком,12000,15.0,14.0,63.0,0.2,1,857.1428571428571
31,Москва,ВАО,р-н Измайлово,Измайловская,Измайловский проезд 6К1,1958.0,3.0,1.0,,,1 раздельный,Есть,Косметический,,2.0,3.0,11.0,пешком,16000,9.235539215686275,17.0,63.0,0.3333333333333333,1,941.1764705882352
32,Москва,ЮАО,р-н Даниловский,Технопарк,Автозаводская улица 23С16,1958.0,2.0,1.0,Изолированная,,1 совмещенный,,Дизайнерский,0.0,1.0,2.0,10.0,пешком,36000,9.235539215686275,21.0,63.0,0.5,3,1714.2857142857142
33,Москва,ВАО,р-н Соколиная гора,Измайлово,Фортунатовская улица 20С3,1958.0,2.0,1.0,Изолированная,,1 раздельный,,Евроремонт,2.0,1.0,2.0,4.0,пешком,18000,9.235539215686275,16.0,63.0,0.5,2,1125.0
34,Москва,НАО (Новомосковский),м. Рассказовка,Рассказовка,улица Авиаконструктора Петлякова 7,2012.0,2.0,1.0,Изолированная,2.74,1 раздельный,,Косметический,1.0,12.0,17.0,1209.3415625,на транспорте,20000,18.0,16.0,9.0,0.5,1,1250.0
35,Москва,ЗАО,р-н Проспект Вернадского,Проспект Вернадского,улица Лобачевского 78,1962.0,2.0,1.0,Изолированная,2.64,1 совмещенный,Есть,Косметический,2.0,2.0,5.0,12.0,пешком,16000,6.0,19.0,59.0,0.5,1,842.1052631578947
36,Москва,ЗАО,р-н Дорогомилово,Выставочная,Кутузовский проспект 18,1951.0,6.0,1.0,Изолированная,,1 совмещенный,,Дизайнерский,2.0,2.0,6.0,10.0,пешком,41000,9.235539215686275,10.0,70.0,0.16666666666666666,3,4100.0
37,Москва,САО,р-н Хорошевский,Полежаевская,улица Куусинена 4Ак3,1973.0,2.0,1.0,,2.64,1 раздельный,Есть,Косметический,2.0,9.0,9.0,3.0,пешком,19000,7.0,12.0,48.0,0.5,1,1583.3333333333333
38,Москва,ЮВАО,р-н Кузьминки,Рязанский проспект,улица Федора Полетаева 32К1,1968.0,2.0,1.0,Изолированная,,1 совмещенный,Есть,Косметический,2.0,1.0,9.0,10.0,пешком,16000,6.0,10.0,53.0,0.5,1,1600.0
39,Москва,СВАО,р-н Северное Медведково,Медведково,Широкая улица 16,1969.0,3.0,1.0,,2.64,1 раздельный,Есть,Евроремонт,2.0,9.0,9.0,2.0,пешком,16000,9.235539215686275,15.0,52.0,0.3333333333333333,2,1066.6666666666667
40,Москва,ЮВАО,р-н Текстильщики,Текстильщики,Волжский бульвар 30,1958.0,3.0,1.0,,,,,Косметический,,1.0,5.0,14.0,пешком,17000,9.235539215686275,15.979064587973273,63.0,0.3333333333333333,1,1063.8920636690548
41,Москва,ВАО,р-н Богородское,Бульвар Рокоссовского,бульвар Маршала Рокоссовского 32,1967.0,3.0,1.0,Изолированная,,1 раздельный,Есть,Косметический,2.0,6.0,9.0,14.0,пешком,19000,10.0,16.0,54.0,0.3333333333333333,1,1187.5
42,Москва,ЮВАО,р-н Выхино-Жулебино,Лермонтовский проспект,Привольная улица 9К1,1958.0,3.0,1.0,,,,,Косметический,,1.0,5.0,9.0,пешком,28000,9.235539215686275,15.979064587973273,63.0,0.3333333333333333,1,1752.2928107490313
43,Москва,ЮЗАО,р-н Ломоносовский,Университет,улица Панферова 4,2013.0,3.0,1.0,Изолированная,3.0,2 раздельных,Есть,Евроремонт,2.0,16.0,24.0,10.0,пешком,23000,12.0,17.0,8.0,0.3333333333333333,2,1352.9411764705883
44,Москва,САО,р-н Савеловский,Дмитровская,Бутырская улица 97,1968.0,3.0,1.0,Изолированная,2.64,1 раздельный,Есть,Дизайнерский,,2.0,9.0,1.0,пешком,30000,9.235539215686275,13.0,53.0,0.3333333333333333,3,2307.6923076923076
45,Москва,ЦАО,р-н Тверской,Белорусская,1-я Тверская-Ямская улица 28,2015.0,2.0,1.0,,,1 раздельный,Есть,Косметический,,4.0,8.0,4.0,пешком,22000,12.0,16.0,6.0,0.5,1,1375.0
46,Москва,ЗАО,р-н Тропарево-Никулино,Юго-Западная,улица Покрышкина 11,2001.0,4.0,1.0,Изолированная,,1 раздельный,Есть,Дизайнерский,,6.0,22.0,12.0,пешком,32000,9.235539215686275,17.0,20.0,0.25,3,1882.3529411764705
47,Москва,ВАО,р-н Измайлово,Первомайская,Верхняя Первомайская улица 24/17,1951.0,3.0,1.0,Изолированная,,1 раздельный,Есть,Косметический,,1.0,5.0,9.0,пешком,19000,8.0,16.0,70.0,0.3333333333333333,1,1187.5
48,Москва,ЗАО,р-н Ново-Переделкино,Новопеределкино,улица 4-я Новые Сады 5,2001.0,2.0,1.0,,3.2,1 раздельный,Есть,Дизайнерский,2.0,2.0,3.0,18.0,пешком,110000,9.235539215686275,50.0,20.0,0.5,3,2200.0
49,Москва,САО,р-н Дмитровский,Селигерская,Коровинское шоссе 36К1,1982.0,2.0,1.0,Изолированная,,1 раздельный,Есть,Косметический,,9.0,16.0,604.67078125,на транспорте,16000,9.0,12.0,39.0,0.5,1,1333.3333333333333
50,Москва,СВАО,р-н Северное Медведково,Медведково,Широкая улица 13К1,1968.0,3.0,1.0,Изолированная,2.64,1 раздельный,Есть,Косметический,2.0,9.0,9.0,3.0,пешком,20000,7.0,17.0,53.0,0.3333333333333333,1,1176.4705882352941
51,Москва,САО,р-н Коптево,Окружная,Большая Академическая улица 73К1,1967.0,3.0,1.0,Изолированная,2.64,1 раздельный,Есть,Косметический,2.0,7.0,9.0,20.0,пешком,20000,7.0,14.0,54.0,0.3333333333333333,1,1428.5714285714287
52,Москва,ЮВАО,р-н Некрасовка,Некрасовка,улица Липчанского 2,2016.0,3.0,1.0,,2.74,1 раздельный,Есть,Косметический,,12.0,17.0,4.0,пешком,21000,15.0,15.0,5.0,0.3333333333333333,1,1400.0
53,Москва,ЮАО,р-н Даниловский,Павелецкая,Дербеневская улица 18,1900.0,4.0,1.0,Изолированная,,1 совмещенный,,Дизайнерский,,2.0,5.0,18.0,пешком,22000,10.0,14.0,121.0,0.25,3,1571.4285714285713
54,Москва,ЗАО,р-н Можайский,Молодежная,Беловежская улица 19,1968.0,4.0,1.0,Изолированная,,1 раздельный,Есть,Косметический,2.0,1.0,16.0,604.67078125,на транспорте,15000,9.0,9.0,53.0,0.25,1,1666.6666666666667
55,Москва,СВАО,р-н Северный,Новодачная,Дмитровское шоссе 165Дк4,2008.0,2.0,1.0,Изолированная,3.0,1 раздельный,Есть,Евроремонт,,8.0,17.0,18.0,пешком,13000,7.0,13.0,13.0,0.5,2,1000.0
56,Москва,ЮАО,р-н Царицыно,Кантемировская,Кавказский бульвар 34К1,1958.0,3.0,1.0,,,1 совмещенный,,Косметический,,5.0,5.0,10.0,пешком,16000,7.0,15.0,63.0,0.3333333333333333,1,1066.6666666666667
57,Москва,ЗелАО,р-н Старое Крюково,Крюково,мкр. 8-й к841,2004.0,3.0,1.0,Изолированная,,1 раздельный,Есть,Косметический,2.0,4.0,14.0,7.0,пешком,12000,9.0,12.0,17.0,0.3333333333333333,1,1000.0
58,Москва,ЮАО,р-н Братеево,Борисово,Братеевская улица 23К1,1986.0,3.0,1.0,,2.64,1 раздельный,Есть,Косметический,2.0,4.0,14.0,9.0,пешком,16000,10.0,16.0,35.0,0.3333333333333333,1,1000.0
59,Москва,ВАО,р-н Измайлово,Первомайская,Нижняя Первомайская улица 12Б,1953.0,3.0,1.0,Изолированная,3.0,1 раздельный,,Косметический,2.0,4.0,5.0,8.0,пешком,20000,10.0,22.0,68.0,0.3333333333333333,1,909.0909090909091
60,Москва,ЮАО,р-н Орехово-Борисово Южное,Зябликово,Воронежская улица 46К1,1987.0,3.0,1.0,Изолированная,2.64,1 раздельный,Есть,Евроремонт,2.0,12.0,17.0,9.0,пешком,16000,10.0,20.0,34.0,0.3333333333333333,2,800.0
61,Москва,ЮВАО,р-н Южнопортовый,Дубровка,Шарикоподшипниковская улица 40,1958.0,2.0,1.0,Изолированная,,1 раздельный,Есть,Косметический,2.0,5.0,10.0,5.0,пешком,22000,9.0,22.0,63.0,0.5,1,1000.0
62,Москва,ЦАО,р-н Басманный,Красные ворота,Малый Харитоньевский переулок 7С1,1890.0,5.0,1.0,Изолированная,,1 раздельный,Есть,Косметический,2.0,3.0,4.0,4.0,пешком,23000,15.0,22.0,131.0,0.2,1,1045.4545454545455
63,Москва,ЮВАО,р-н Лефортово,Авиамоторная,шоссе Энтузиастов 22/18,1932.0,3.0,1.0,,,1 раздельный,Есть,Косметический,,5.0,5.0,3.0,пешком,24000,14.0,23.0,89.0,0.3333333333333333,1,1043.4782608695652
64,Москва,ЗАО,р-н Солнцево,Солнцево,улица Богданова 26К2,1964.0,2.0,1.0,Изолированная,2.64,1 совмещенный,Есть,Косметический,2.0,2.0,5.0,13.0,пешком,27000,5.0,8.0,57.0,0.5,1,3375.0
65,Москва,СВАО,р-н Бабушкинский,Бабушкинская,улица Коминтерна 9К2,1958.0,3.0,1.0,Изолированная,,,,Косметический,1.0,5.0,5.0,12.0,пешком,13000,10.0,13.0,63.0,0.3333333333333333,1,1000.0
66,Москва,ЦАО,р-н Басманный,Бауманская,Большая Почтовая улица 18/20К18,1931.0,4.0,1.0,,,1 раздельный,Есть,Косметический,0.0,4.0,5.0,10.0,пешком,13000,9.0,15.0,90.0,0.25,1,866.6666666666666
67,Москва,ЮАО,р-н Даниловский,Технопарк,Автозаводская улица 23С16,1958.0,2.0,1.0,,,1 совмещенный,,Дизайнерский,,2.0,2.0,10.0,пешком,33000,9.235539215686275,16.0,63.0,0.5,3,2062.5
68,Москва,САО,р-н Хорошевский,Хорошевская,улица Зорге 6к1,1957.0,3.0,1.0,Изолированная,,1 раздельный,Есть,Евроремонт,2.0,5.0,6.0,5.0,пешком,36000,12.0,17.0,64.0,0.3333333333333333,2,2117.6470588235293
69,Москва,ЮЗАО,р-н Зюзино,Севастопольская,Азовская улица 25К1,1968.0,4.0,1.0,Изолированная,,1 раздельный,Есть,Косметический,2.0,16.0,16.0,,,16000,6.0,16.0,53.0,0.25,1,1000.0
70,Москва,ЮАО,р-н Чертаново Южное,Улица Академика Янгеля,Россошанская улица 1К1,1971.0,3.0,1.0,Изолированная,2.64,1 совмещенный,,Косметический,2.0,3.0,12.0,3.0,пешком,19000,6.0,14.0,50.0,0.3333333333333333,1,1357.142857142857
71,Москва,СВАО,р-н Северное Медведково,Медведково,проезд Шокальского 19,1966.0,2.0,1.0,,2.64,1 раздельный,Есть,Косметический,2.0,8.0,9.0,18.0,пешком,16000,8.0,12.0,55.0,0.5,1,1333.3333333333333
72,Москва,СВАО,р-н Бутырский,Савеловская,Бутырская улица 6,1965.0,3.0,1.0,Изолированная,,1 совмещенный,Есть,Евроремонт,0.0,1.0,8.0,5.0,пешком,18000,8.0,18.0,56.0,0.3333333333333333,2,1000.0
73,Москва,ЮАО,р-н Даниловский,Технопарк,Автозаводская улица 23С16,1958.0,2.0,1.0,Изолированная,,1 совмещенный,,Дизайнерский,,1.0,3.0,10.0,пешком,27000,9.235539215686275,15.5,63.0,0.5,3,1741.9354838709678
74,Москва,ЮВАО,р-н Марьино,Марьино,улица Маршала Голованова 1,1985.0,3.0,1.0,Изолированная,2.64,1 раздельный,Есть,Косметический,2.0,1.0,17.0,11.0,пешком,22000,9.5,14.0,36.0,0.3333333333333333,1,1571.4285714285713
75,Москва,САО,р-н Аэропорт,Аэропорт,Красноармейская улица 29,1958.0,3.0,1.0,,,,,Косметический,,1.0,5.0,5.0,пешком,28000,9.235539215686275,15.979064587973273,63.0,0.3333333333333333,1,1752.2928107490313
76,Москва,ЮАО,р-н Зябликово,Шипиловская,Шипиловская улица 64К1,1977.0,3.0,1.0,Изолированная,2.5,1 раздельный,Есть,Косметический,2.0,3.0,12.0,6.0,пешком,15000,6.5,20.0,44.0,0.3333333333333333,1,750.0
77,Москва,ЮАО,р-н Бирюлево Восточное,Царицыно,Элеваторная улица 8,1971.0,2.0,1.0,Изолированная,2.64,1 раздельный,Есть,Дизайнерский,,6.0,9.0,241.86831249999997,на транспорте,27000,9.235539215686275,12.0,50.0,0.5,3,2250.0
78,Москва,ЦАО,р-н Пресненский,Маяковская,Трехпрудный переулок 11/13С1,1910.0,5.0,1.0,Изолированная,,1 раздельный,Есть,Дизайнерский,2.0,4.0,6.0,7.0,пешком,43000,9.235539215686275,8.7,111.0,0.2,3,4942.528735632184
79,Москва,СВАО,р-н Отрадное,Отрадное,Юрловский проезд 17,1974.0,3.0,1.0,,2.64,1 раздельный,Есть,Косметический,2.0,4.0,9.0,14.0,пешком,17000,9.0,16.0,47.0,0.3333333333333333,1,1062.5
80,Москва,ВАО,р-н Вешняки,Новогиреево,Реутовская улица 24,1971.0,3.0,1.0,Изолированная,2.64,1 раздельный,Есть,Косметический,0.0,8.0,9.0,241.86831249999997,на транспорте,25000,8.4,13.0,50.0,0.3333333333333333,1,1923.076923076923
81,Москва,САО,р-н Сокол,Сокол,улица Куусинена 12,1961.0,2.0,1.0,Изолированная,2.5,1 совмещенный,Есть,Евроремонт,1.0,5.0,5.0,10.0,пешком,25000,9.0,16.0,60.0,0.5,2,1562.5
82,Москва,СВАО,р-н Останкинский,Алексеевская,улица Годовикова 1К1,1960.0,2.0,1.0,Изолированная,,1 раздельный,Есть,Дизайнерский,2.0,8.0,8.0,12.0,пешком,31000,9.235539215686275,10.0,61.0,0.5,3,3100.0
83,Москва,ЦАО,р-н Басманный,Бауманская,Новая Басманная улица 31С1,1914.0,4.0,1.0,Изолированная,3.2,"1 совмещенный, 1 раздельный",Есть,Евроремонт,2.0,5.0,7.0,8.0,пешком,32000,20.0,18.0,107.0,0.25,2,1777.7777777777778
84,Москва,ЗАО,р-н Дорогомилово,Киевская,Кутузовский проспект 9К1,1960.0,3.0,1.0,Изолированная,,,,Косметический,2.0,10.0,11.0,10.0,пешком,30000,10.0,19.0,61.0,0.3333333333333333,1,1578.9473684210527
85,Москва,ЮАО,р-н Нагатино-Садовники,Коломенская,Нагатинская набережная 14К5,1974.0,2.0,1.0,Изолированная,2.64,1 раздельный,Есть,Косметический,,2.0,14.0,14.0,пешком,16000,6.0,10.0,47.0,0.5,1,1600.0
86,Москва,СЗАО,р-н Хорошево-Мневники,улица Народного ополчения,улица Народного Ополчения 6,1958.0,3.0,1.0,,,,,Косметический,,1.0,5.0,10.0,пешком,20000,9.235539215686275,15.979064587973273,63.0,0.3333333333333333,1,1251.6377219635938
87,Москва,СВАО,р-н Алексеевский,Алексеевская,проспект Мира 120,1955.0,3.0,1.0,Изолированная,3.0,1 раздельный,,Косметический,0.0,4.0,16.0,7.0,пешком,20000,6.0,30.0,66.0,0.3333333333333333,1,666.6666666666666
88,Москва,ЗАО,р-н Ново-Переделкино,Новопеределкино,улица 4-я Новые Сады 5,2001.0,6.0,1.0,Изолированная,3.2,1 совмещенный,,Дизайнерский,2.0,3.0,4.0,18.0,пешком,30000,9.235539215686275,18.0,20.0,0.16666666666666666,3,1666.6666666666667
89,Москва,ЦАО,р-н Таганский,Москва-Товарная,Новорогожская улица 8,2008.0,3.0,1.0,Изолированная,,1 раздельный,Есть,Дизайнерский,2.0,17.0,17.0,6.0,пешком,34000,9.235539215686275,15.0,13.0,0.3333333333333333,3,2266.6666666666665
90,Москва,ЮВАО,р-н Рязанский,Текстильщики,Саратовская улица 24,2008.0,4.0,1.0,Изолированная,,1 совмещенный,Есть,Дизайнерский,2.0,5.0,23.0,20.0,пешком,34000,9.235539215686275,11.6,13.0,0.25,3,2931.034482758621
91,Москва,СЗАО,р-н Северное Тушино,Планерная,улица Свободы 81С5,1971.0,2.0,1.0,Изолированная,2.64,1 раздельный,,Косметический,,7.0,12.0,6.0,пешком,20000,8.0,18.0,50.0,0.5,1,1111.111111111111
92,Москва,ЦАО,р-н Пресненский,Улица 1905 года,Шмитовский проезд 11А,1929.0,5.0,1.0,,3.0,1 раздельный,Есть,Косметический,,3.0,6.0,14.0,пешком,32000,8.0,16.0,92.0,0.2,1,2000.0
93,Москва,ЦАО,р-н Тверской,Чеховская,Страстной бульвар 4С3,1917.0,3.0,1.0,Изолированная,,1 раздельный,,Косметический,2.0,4.0,6.0,2.0,пешком,35000,10.0,22.0,104.0,0.3333333333333333,1,1590.909090909091
94,Москва,САО,р-н Головинский,Коптево,Онежская улица 16к4,1960.0,2.0,1.0,Изолированная,,1 совмещенный,Есть,Косметический,2.0,1.0,5.0,12.0,пешком,17000,6.0,10.0,61.0,0.5,1,1700.0
95,Москва,ЮЗАО,р-н Гагаринский,Университет,Ломоносовский проспект 14,1953.0,2.0,1.0,Изолированная,,1 раздельный,,Косметический,2.0,8.0,16.0,7.0,пешком,25000,8.0,14.0,68.0,0.5,1,1785.7142857142858
96,Москва,ЦАО,р-н Басманный,Электрозаводская,Семеновская набережная 3/1К4,1955.0,3.0,1.0,,,1 совмещенный,Есть,Косметический,2.0,8.0,10.0,3.0,пешком,25000,10.0,16.0,66.0,0.3333333333333333,1,1562.5
97,Москва,ЦАО,р-н Басманный,Курская,улица Чаплыгина 13/2,1927.0,4.0,1.0,Изолированная,,1 раздельный,Есть,Косметический,,2.0,6.0,10.0,пешком,33000,8.0,15.0,94.0,0.25,1,2200.0
98,Москва,ЮЗАО,р-н Гагаринский,Университет,Ломоносовский проспект 4К2,1958.0,3.0,1.0,Изолированная,3.0,1 раздельный,Есть,Евроремонт,2.0,4.0,8.0,15.0,пешком,25000,9.0,20.0,63.0,0.3333333333333333,2,1250.0
99,Москва,САО,р-н Головинский,Коптево,1-й Лихачевский переулок 4К3,1959.0,3.0,1.0,Изолированная,2.48,1 раздельный,Есть,Косметический,2.0,5.0,5.0,8.0,пешком,17000,7.0,9.0,62.0,0.3333333333333333,1,1888.888888888889
100,Москва,САО,р-н Головинский,Коптево,Солнечногорский проезд 3К1,1958.0,3.0,1.0,Изолированная,,1 раздельный,Есть,Косметический,,4.0,5.0,241.86831249999997,на транспорте,17000,12.0,20.0,63.0,0.3333333333333333,1,850.0
101,Москва,ЮАО,р-н Братеево,Алма-Атинская,Братеевская улица 39/12,1987.0,3.0,1.0,Изолированная,2.64,1 раздельный,,Евроремонт,2.0,1.0,14.0,9.0,пешком,18000,9.0,17.0,34.0,0.3333333333333333,2,1058.8235294117646
102,Москва,САО,р-н Савеловский,Дмитровская,4-й Вятский переулок 20,1958.0,3.0,2.0,,,1 совмещенный,Есть,Косметический,,2.0,5.0,14.0,пешком,20000,9.235539215686275,9.0,63.0,0.6666666666666666,1,2222.222222222222
103,Москва,ВАО,р-н Измайлово,Измайловская,3-я Прядильная улица 3,1960.0,3.0,2.0,Изолированная,,1 раздельный,Есть,Косметический,2.0,1.0,5.0,15.0,пешком,20000,7.0,14.2,61.0,0.6666666666666666,1,1408.4507042253522
104,Москва,ВАО,р-н Измайлово,Измайловская,3-я Прядильная улица 3,1960.0,3.0,2.0,Изолированная,,1 раздельный,Есть,Косметический,2.0,1.0,5.0,15.0,пешком,20000,7.0,19.2,61.0,0.6666666666666666,1,1041.6666666666667
105,Москва,ЦАО,р-н Пресненский,Белорусская,Васильевская улица 9,1959.0,3.0,1.0,Изолированная,,1 раздельный,Есть,Косметический,2.0,3.0,8.0,8.0,пешком,22000,10.0,13.0,62.0,0.3333333333333333,1,1692.3076923076924
106,Москва,ЮАО,р-н Бирюлево Западное,Покровское,Медынская улица 2К1,1973.0,3.0,1.0,Изолированная,2.64,1 раздельный,Есть,Косметический,2.0,9.0,9.0,604.67078125,на транспорте,13000,9.0,10.0,48.0,0.3333333333333333,1,1300.0
107,Москва,ЮАО,р-н Орехово-Борисово Южное,Домодедовская,улица Генерала Белова 53К1,1979.0,3.0,1.0,Изолированная,2.48,1 совмещенный,Есть,Евроремонт,0.0,12.0,16.0,10.0,пешком,16000,12.0,16.0,42.0,0.3333333333333333,2,1000.0
108,Москва,ЮАО,р-н Чертаново Северное,Чертановская,Сумской проезд 8К1,1972.0,3.0,1.0,Изолированная,,1 раздельный,Есть,Косметический,,9.0,9.0,14.0,пешком,18000,8.0,19.0,49.0,0.3333333333333333,1,947.3684210526316
109,Москва,ЗАО,р-н Фили-Давыдково,Кунцевская,Кутузовский проспект 67К2,1960.0,2.0,1.0,Изолированная,3.7,1 раздельный,Есть,Косметический,2.0,5.0,5.0,5.0,пешком,22000,8.0,20.0,61.0,0.5,1,1100.0
110,Москва,СВАО,р-н Марьина роща,Марьина роща,Полковая улица 16,1997.0,2.0,1.0,Изолированная,,1 совмещенный,Есть,Евроремонт,2.0,6.0,15.0,11.0,пешком,21000,10.0,12.0,24.0,0.5,2,1750.0
111,Москва,ЗелАО,р-н Крюково,Крюково,мкр. 16-й к1601,1993.0,3.0,1.0,Изолированная,2.64,1 раздельный,Есть,Косметический,2.0,12.0,17.0,181.40123437499997,на транспорте,11000,10.0,15.0,28.0,0.3333333333333333,1,733.3333333333334
112,Москва,ЮАО,р-н Зябликово,Красногвардейская,Ореховый проезд 41,1976.0,3.0,1.0,Изолированная,2.64,1 раздельный,Есть,Косметический,2.0,15.0,16.0,12.0,пешком,18000,9.235539215686275,17.8,45.0,0.3333333333333333,1,1011.2359550561797
113,Москва,ЮВАО,р-н Печатники,Депо,улица Гурьянова 69К1,1990.0,2.0,1.0,Изолированная,,1 раздельный,Есть,Евроремонт,,1.0,17.0,12.0,пешком,15000,10.0,18.0,31.0,0.5,2,833.3333333333334
114,Москва,ЗАО,р-н Дорогомилово,Парк Победы,Кутузовский проспект 45,1938.0,4.0,1.0,Изолированная,,1 раздельный,Есть,Евроремонт,,5.0,8.0,4.0,пешком,33000,9.235539215686275,27.0,83.0,0.25,2,1222.2222222222222
115,Москва,ЮАО,р-н Москворечье-Сабурово,Кантемировская,Кантемировская улица 22К1,1989.0,3.0,1.0,Изолированная,2.64,1 раздельный,Есть,Косметический,2.0,3.0,17.0,6.0,пешком,16000,10.0,12.0,32.0,0.3333333333333333,1,1333.3333333333333
116,Москва,ВАО,р-н Восточное Измайлово,Щелковская,Сиреневый бульвар 56,1967.0,2.0,1.0,Изолированная,2.64,1 раздельный,Есть,Косметический,1.0,3.0,9.0,15.0,пешком,15000,8.0,16.0,54.0,0.5,1,937.5
117,Москва,ЗАО,р-н Филевский парк,Фили,Новозаводская улица 2К8,1959.0,2.0,1.0,Изолированная,,1 совмещенный,Есть,Косметический,2.0,2.0,5.0,4.0,пешком,30000,25.0,25.0,62.0,0.5,1,1200.0
118,Москва,ЦАО,р-н Хамовники,Спортивная,улица Ефремова 21,1957.0,3.0,1.0,Изолированная,,,,Евроремонт,,1.0,5.0,3.0,пешком,27000,9.235539215686275,22.0,64.0,0.3333333333333333,2,1227.2727272727273
119,Москва,ЦАО,р-н Якиманка,Боровицкая,улица Серафимовича 2,1933.0,3.0,1.0,Изолированная,,1 раздельный,Есть,Косметический,,8.0,12.0,10.0,пешком,25000,20.0,18.0,88.0,0.3333333333333333,1,1388.888888888889
120,Москва,ЗАО,р-н Филевский парк,Багратионовская,Барклая улица 11,1962.0,2.0,1.0,Изолированная,,1 раздельный,Есть,Косметический,,1.0,5.0,2.0,пешком,18000,5.0,15.0,59.0,0.5,1,1200.0
121,Москва,ЮЗАО,р-н Теплый Стан,Теплый Стан,улица Теплый Стан 11К1,1974.0,3.0,1.0,Изолированная,,,Есть,Косметический,,5.0,16.0,10.0,пешком,18000,10.0,14.0,47.0,0.3333333333333333,1,1285.7142857142858
122,Москва,ЮАО,р-н Зябликово,Красногвардейская,Ореховый бульвар 49К2,1977.0,3.0,1.0,Смежная,2.64,1 раздельный,Есть,Косметический,2.0,3.0,9.0,3.0,пешком,13000,7.0,17.0,44.0,0.3333333333333333,1,764.7058823529412
123,Москва,ЦАО,р-н Басманный,Китай-город,улица Маросейка 9,1958.0,6.0,1.0,Изолированная,,2 раздельных,Есть,Евроремонт,,3.0,4.0,1.0,пешком,28000,20.0,13.0,63.0,0.16666666666666666,2,2153.846153846154
124,Москва,ЮАО,р-н Чертаново Южное,Аннино,Варшавское шоссе 160к3,2011.0,3.0,2.0,Изолированная,2.64,,Есть,Евроремонт,0.0,21.0,21.0,5.0,пешком,25000,9.235539215686275,21.0,10.0,0.6666666666666666,2,1190.4761904761904
125,Москва,СВАО,р-н Ростокино,Ботанический сад,Сельскохозяйственная улица 18К3,1993.0,3.0,1.0,Изолированная,2.64,1 раздельный,Есть,Евроремонт,,13.0,17.0,10.0,пешком,25000,9.235539215686275,20.0,28.0,0.3333333333333333,2,1250.0
126,Москва,ЗАО,р-н Кунцево,Молодежная,Рублевское шоссе 20К1,1994.0,3.0,1.0,Изолированная,,,Есть,Евроремонт,,13.0,16.0,15.0,пешком,30000,9.235539215686275,20.0,27.0,0.3333333333333333,2,1500.0
127,Москва,ЮАО,р-н Бирюлево Западное,Аннино,Востряковский проезд 13К2,1975.0,2.0,1.0,Изолированная,2.48,1 раздельный,Есть,Косметический,2.0,5.0,12.0,302.335390625,на транспорте,17000,10.0,15.0,46.0,0.5,1,1133.3333333333333
128,Москва,ЗАО,р-н Очаково-Матвеевское,Минская,Веерная улица 40К3,1958.0,3.0,1.0,,,,,Косметический,,1.0,5.0,362.80246874999995,на транспорте,23000,9.235539215686275,15.979064587973273,63.0,0.3333333333333333,1,1439.383380258133
129,Москва,ЦАО,р-н Пресненский,Белорусская,Большой Тишинский переулок 26к15-16,1957.0,3.0,1.0,Изолированная,3.0,1 совмещенный,,Косметический,,4.0,7.0,8.0,пешком,30000,9.0,13.0,64.0,0.3333333333333333,1,2307.6923076923076
130,Москва,ЗАО,р-н Фили-Давыдково,Кунцевская,Кутузовский проспект 67К2,1960.0,2.0,1.0,Изолированная,3.7,1 раздельный,Есть,Косметический,2.0,5.0,5.0,5.0,пешком,22000,8.0,20.0,61.0,0.5,1,1100.0
131,Москва,ВАО,р-н Северное Измайлово,Щелковская,15-я Парковая улица 46К9,1964.0,3.0,1.0,Изолированная,2.64,1 совмещенный,Есть,Косметический,2.0,5.0,5.0,241.86831249999997,на транспорте,16000,6.0,12.0,57.0,0.3333333333333333,1,1333.3333333333333
132,Москва,ВАО,р-н Вешняки,Выхино,Снайперская улица 11,1970.0,3.0,1.0,Изолированная,2.64,1 раздельный,Есть,Косметический,2.0,1.0,9.0,10.0,пешком,18000,8.0,20.0,51.0,0.3333333333333333,1,900.0
133,Москва,ЮВАО,р-н Люблино,Люблино,Белореченская улица 12,2004.0,2.0,1.0,Изолированная,2.64,1 раздельный,Есть,Косметический,1.0,11.0,17.0,5.0,пешком,20000,8.0,20.0,17.0,0.5,1,1000.0
134,Москва,ЮВАО,р-н Южнопортовый,Кожуховская,6-я Кожуховская улица 18к1,1958.0,3.0,1.0,Изолированная,3.0,1 раздельный,Есть,Евроремонт,2.0,5.0,5.0,10.0,пешком,22000,10.0,22.0,63.0,0.3333333333333333,2,1000.0
135,Москва,ЦАО,р-н Красносельский,Сухаревская,Ананьевский переулок 5С7,1932.0,3.0,1.0,Изолированная,,1 совмещенный,Есть,Дизайнерский,,2.0,4.0,3.0,пешком,35000,9.235539215686275,18.0,89.0,0.3333333333333333,3,1944.4444444444443
136,Москва,ЮЗАО,р-н Коньково,Коньково,улица Академика Капицы 26К3,1958.0,3.0,1.0,,,1 раздельный,Есть,Косметический,,14.0,17.0,8.0,пешком,15000,10.0,17.0,63.0,0.3333333333333333,1,882.3529411764706
137,Москва,ЗАО,р-н Проспект Вернадского,Проспект Вернадского,улица Лобачевского 78,1962.0,2.0,1.0,Изолированная,2.64,1 совмещенный,Есть,Косметический,,2.0,5.0,12.0,пешком,16000,6.5,18.0,59.0,0.5,1,888.8888888888889
138,Москва,САО,р-н Западное Дегунино,Ховрино,улица Маршала Федоренко 10К1,1982.0,3.0,1.0,Изолированная,2.64,1 раздельный,Есть,Косметический,0.0,1.0,16.0,10.0,пешком,15000,8.0,12.0,39.0,0.3333333333333333,1,1250.0
139,Москва,СВАО,р-н Бибирево,Бибирево,Мурановская улица 4,1975.0,3.0,1.0,Изолированная,2.64,1 раздельный,Есть,Косметический,2.0,5.0,12.0,10.0,пешком,15000,8.0,12.0,46.0,0.3333333333333333,1,1250.0
140,Москва,СВАО,р-н Свиблово,Свиблово,улица Амундсена 5,1958.0,3.0,1.0,,,,,Косметический,,1.0,5.0,8.0,пешком,15000,9.235539215686275,15.979064587973273,63.0,0.3333333333333333,1,938.7282914726954
141,Москва,ЮВАО,р-н Южнопортовый,Пролетарская,3-й Крутицкий переулок 13,1958.0,2.0,1.0,,,,Есть,Косметический,,5.0,12.0,2.0,пешком,24000,9.0,18.0,63.0,0.5,1,1333.3333333333333
142,Москва,НАО (Новомосковский),м. Коммунарка,Коммунарка,Эдальго мкр 7,2012.0,3.0,1.0,Изолированная,2.64,1 совмещенный,Есть,Дизайнерский,1.0,20.0,27.0,19.0,пешком,22000,20.0,20.0,9.0,0.3333333333333333,3,1100.0
143,Москва,ЮВАО,р-н Лефортово,Авиамоторная,3-я Кабельная улица 2,1930.0,3.0,1.0,Изолированная,,1 раздельный,Есть,Косметический,2.0,4.0,5.0,7.0,пешком,18000,8.0,14.0,91.0,0.3333333333333333,1,1285.7142857142858
144,Москва,ЮВАО,р-н Печатники,Печатники,Шоссейная улица 19к3,1969.0,3.0,1.0,Изолированная,2.64,1 раздельный,Есть,Косметический,2.0,3.0,9.0,9.0,пешком,16000,8.0,14.0,52.0,0.3333333333333333,1,1142.857142857143
145,Москва,САО,р-н Головинский,Коптево,Кронштадтский бульвар 30К3,1958.0,3.0,1.0,Изолированная,,1 раздельный,Есть,Косметический,2.0,3.0,12.0,14.0,пешком,20000,7.0,12.0,63.0,0.3333333333333333,1,1666.6666666666667
146,Москва,ЮАО,р-н Царицыно,Царицыно,Ереванская улица 16К5,1958.0,2.0,1.0,,,,Есть,Косметический,,4.0,5.0,5.0,пешком,19000,8.0,19.0,63.0,0.5,1,1000.0
147,Москва,СВАО,р-н Отрадное,Отрадное,улица Мусоргского 9,1975.0,3.0,1.0,Изолированная,2.64,1 раздельный,Есть,Дизайнерский,,7.0,9.0,14.0,пешком,28000,9.235539215686275,12.0,46.0,0.3333333333333333,3,2333.3333333333335
148,Москва,САО,р-н Ховрино,Ховрино,улица Дыбенко 36К1,1958.0,3.0,1.0,,,,Есть,Евроремонт,,16.0,17.0,3.0,пешком,22000,14.0,17.0,63.0,0.3333333333333333,2,1294.1176470588234
149,Москва,СВАО,р-н Отрадное,Отрадное,Юрловский проезд 7,1974.0,3.0,1.0,Изолированная,2.64,1 раздельный,Есть,Косметический,2.0,9.0,9.0,11.0,пешком,18000,9.0,13.0,47.0,0.3333333333333333,1,1384.6153846153845
150,Москва,НАО (Новомосковский),м. Рассказовка,Рассказовка,улица Летчика Ульянина 3А,1958.0,2.0,1.0,,,1 совмещенный,Есть,Евроремонт,,9.0,13.0,181.40123437499997,на транспорте,21000,10.0,18.0,63.0,0.5,2,1166.6666666666667
151,Москва,ЮЗАО,р-н Коньково,Коньково,улица Островитянова 35А,1978.0,2.0,1.0,Изолированная,,1 раздельный,Есть,Косметический,0.0,6.0,17.0,7.0,пешком,24000,15.0,14.0,43.0,0.5,1,1714.2857142857142
152,Москва,ЮАО,р-н Братеево,Алма-Атинская,Паромная улица 7К3,1958.0,2.0,1.0,,,1 раздельный,Есть,Косметический,,7.0,14.0,6.0,пешком,20000,9.0,18.0,63.0,0.5,1,1111.111111111111
153,Москва,СВАО,р-н Марфино,Владыкино,Ботаническая улица 14А,1961.0,2.0,1.0,Изолированная,,1 совмещенный,Есть,Косметический,2.0,5.0,5.0,2.0,пешком,16000,6.0,11.0,60.0,0.5,1,1454.5454545454545
154,Москва,СВАО,р-н Алексеевский,Алексеевская,проспект Мира 118,1955.0,2.0,1.0,Изолированная,,1 раздельный,Есть,Косметический,,9.0,10.0,5.0,пешком,25000,8.0,16.0,66.0,0.5,1,1562.5
155,Москва,ВАО,р-н Преображенское,Преображенская площадь,Просторная улица 6,1971.0,2.0,1.0,Изолированная,2.64,1 совмещенный,Есть,Дизайнерский,2.0,7.0,9.0,11.0,пешком,20000,7.0,20.0,50.0,0.5,3,1000.0
156,Москва,ВАО,р-н Преображенское,Преображенская площадь,Просторная улица 6,1971.0,2.0,1.0,Изолированная,2.64,1 совмещенный,Есть,Дизайнерский,1.0,7.0,9.0,7.0,пешком,23000,7.0,20.0,50.0,0.5,3,1150.0
157,Москва,САО,р-н Головинский,Коптево,Онежская улица 25,1966.0,3.0,1.0,Изолированная,2.64,1 раздельный,Есть,Косметический,2.0,4.0,5.0,181.40123437499997,на транспорте,14000,7.0,17.0,55.0,0.3333333333333333,1,823.5294117647059
158,Москва,ЮВАО,р-н Кузьминки,Кузьминки,Волгоградский проспект 140К1,1961.0,2.0,1.0,,2.64,1 совмещенный,Есть,Косметический,2.0,4.0,5.0,15.0,пешком,15000,6.0,14.0,60.0,0.5,1,1071.4285714285713
159,Москва,САО,р-н Восточное Дегунино,Дегунино,Керамический проезд 47К2,1993.0,2.0,1.0,Изолированная,2.64,1 раздельный,Есть,Косметический,2.0,1.0,17.0,9.0,пешком,18000,9.0,12.0,28.0,0.5,1,1500.0
160,Москва,СВАО,р-н Бибирево,Алтуфьево,улица Лескова 20,1980.0,3.0,1.0,Изолированная,2.64,1 раздельный,Есть,Косметический,2.0,1.0,12.0,12.0,пешком,16000,9.0,15.0,41.0,0.3333333333333333,1,1066.6666666666667
161,Москва,ВАО,р-н Соколиная гора,Соколиная гора,улица 5-я Соколиной Горы 27,1982.0,2.0,1.0,Изолированная,2.48,1 раздельный,Есть,Косметический,2.0,6.0,16.0,4.0,пешком,18000,9.0,16.0,39.0,0.5,1,1125.0
162,Москва,ЮАО,р-н Зябликово,Шипиловская,Шипиловская улица 54К1,1976.0,3.0,1.0,Изолированная,2.64,1 раздельный,Есть,Косметический,2.0,12.0,16.0,3.0,пешком,15000,10.0,14.0,45.0,0.3333333333333333,1,1071.4285714285713
163,Москва,ЮВАО,р-н Выхино-Жулебино,Рязанский проспект,Рязанский проспект 60,1958.0,3.0,1.0,,,,,Косметический,,1.0,5.0,6.0,пешком,16000,9.235539215686275,15.979064587973273,63.0,0.3333333333333333,1,1001.3101775708751
164,Москва,ЦАО,р-н Красносельский,Красносельская,Ольховская улица 19,1984.0,3.0,1.0,Изолированная,,1 совмещенный,Есть,Дизайнерский,,2.0,9.0,9.0,пешком,35000,9.235539215686275,15.0,37.0,0.3333333333333333,3,2333.3333333333335
165,Москва,СВАО,р-н Бибирево,Алтуфьево,улица Корнейчука 16,1977.0,4.0,1.0,Изолированная,2.64,1 раздельный,Есть,Косметический,,1.0,12.0,17.0,пешком,16000,10.0,16.0,44.0,0.25,1,1000.0
166,Москва,ЗАО,р-н Тропарево-Никулино,Юго-Западная,проспект Вернадского 91К2,1968.0,3.0,1.0,Изолированная,2.64,1 совмещенный,,Дизайнерский,,9.0,9.0,11.0,пешком,29000,9.235539215686275,11.0,53.0,0.3333333333333333,3,2636.3636363636365
167,Москва,ЦАО,р-н Замоскворечье,Павелецкая,Стремянный переулок 9,1978.0,3.0,1.0,Изолированная,,1 совмещенный,,Дизайнерский,,4.0,9.0,4.0,пешком,10000,9.0,18.0,43.0,0.3333333333333333,3,555.5555555555555
168,Москва,САО,р-н Савеловский,Гражданская,Петровско-Разумовский проезд 22К6,1957.0,4.0,1.0,Изолированная,,2 раздельных,,Косметический,2.0,1.0,5.0,13.0,пешком,16000,10.0,16.0,64.0,0.25,1,1000.0
169,Москва,ЦАО,р-н Пресненский,Улица 1905 года,Шмитовский проезд 12,1929.0,3.0,1.0,Изолированная,,1 раздельный,Есть,Косметический,2.0,3.0,5.0,15.0,пешком,15000,7.0,10.0,92.0,0.3333333333333333,1,1500.0
170,Москва,САО,р-н Восточное Дегунино,Бескудниково,Дубнинская улица 26К4,1978.0,2.0,1.0,Изолированная,2.64,1 раздельный,Есть,Дизайнерский,,1.0,9.0,10.0,пешком,26000,9.235539215686275,9.0,43.0,0.5,3,2888.8888888888887
171,Москва,ЮВАО,р-н Южнопортовый,Дубровка,6-я Кожуховская улица 10,1967.0,2.0,1.0,Изолированная,2.64,1 раздельный,Есть,Евроремонт,1.0,9.0,9.0,7.0,пешком,15000,6.7,10.1,54.0,0.5,2,1485.1485148514853
172,Москва,ЮАО,р-н Чертаново Центральное,Пражская,улица Красного Маяка 13АК6,1958.0,2.0,1.0,Изолированная,,1 совмещенный,Есть,Косметический,2.0,1.0,9.0,17.0,пешком,12000,7.0,12.0,63.0,0.5,1,1000.0
173,Москва,СВАО,р-н Бибирево,Алтуфьево,Мурановская улица 7,1975.0,2.0,1.0,Изолированная,2.5,1 раздельный,Есть,Евроремонт,2.0,2.0,12.0,8.0,пешком,17000,8.0,15.0,46.0,0.5,2,1133.3333333333333
174,Москва,ВАО,р-н Гольяново,Щелковская,Щелковское шоссе 85К2,1969.0,2.0,1.0,Изолированная,2.64,1 раздельный,Есть,Косметический,2.0,3.0,5.0,16.0,пешком,18000,6.0,20.0,52.0,0.5,1,900.0
175,Москва,ЮЗАО,р-н Теплый Стан,Теплый Стан,улица Генерала Тюленева 13,1974.0,3.0,1.0,Изолированная,2.48,1 совмещенный,Есть,Косметический,,6.0,12.0,181.40123437499997,на транспорте,20000,13.0,18.0,47.0,0.3333333333333333,1,1111.111111111111
176,Москва,ЮВАО,р-н Нижегородский,Калитники,Смирновская улица 3,1975.0,2.0,1.0,Изолированная,,1 раздельный,Есть,Косметический,2.0,9.0,12.0,9.0,пешком,20000,8.0,20.0,46.0,0.5,1,1000.0
177,Москва,ЦАО,р-н Тверской,Белорусская,1-я Тверская-Ямская улица 26,1958.0,3.0,1.0,,,1 раздельный,Есть,Евроремонт,,5.0,9.0,4.0,пешком,22000,12.0,16.0,63.0,0.3333333333333333,2,1375.0
178,Москва,ЗАО,р-н Очаково-Матвеевское,Славянский бульвар,Веерная улица 3К1,1967.0,2.0,1.0,Изолированная,2.5,1 раздельный,Есть,Евроремонт,,3.0,9.0,423.26954687499995,на транспорте,15000,7.0,14.0,54.0,0.5,2,1071.4285714285713
179,Москва,ЮВАО,р-н Южнопортовый,Автозаводская,улица Трофимова 18,1967.0,4.0,1.0,Изолированная,,1 раздельный,Есть,Косметический,0.0,1.0,16.0,9.0,пешком,16000,8.0,12.0,54.0,0.25,1,1333.3333333333333
180,Москва,СЗАО,р-н Щукино,Щукинская,улица Рогова 19,1962.0,2.0,1.0,Изолированная,2.48,1 совмещенный,Есть,Косметический,2.0,4.0,5.0,19.0,пешком,14000,8.0,11.0,59.0,0.5,1,1272.7272727272727
181,Москва,ЮЗАО,р-н Обручевский,Беляево,улица Саморы Машела 8к3,2003.0,6.0,1.0,Изолированная,2.64,1 раздельный,Есть,Евроремонт,1.0,10.0,22.0,20.0,пешком,12000,7.0,7.0,18.0,0.16666666666666666,2,1714.2857142857142
182,Москва,САО,р-н Войковский,Войковская,Ленинградское шоссе 21,1940.0,3.0,1.0,Изолированная,,1 совмещенный,Есть,Косметический,,2.0,8.0,2.0,пешком,20000,10.0,14.0,81.0,0.3333333333333333,1,1428.5714285714287
183,Москва,ЮЗАО,р-н Северное Бутово,Бульвар Дмитрия Донского,улица Грина 3К1,1988.0,3.0,1.0,Изолированная,2.64,1 совмещенный,Есть,Евроремонт,2.0,9.0,17.0,6.0,пешком,18000,9.0,20.0,33.0,0.3333333333333333,2,900.0
184,Москва,ЗАО,р-н Можайский,Кунцевская,улица Петра Алексеева 5,1958.0,2.0,1.0,,,1 совмещенный,Есть,Косметический,,7.0,9.0,20.0,пешком,17000,6.0,15.0,63.0,0.5,1,1133.3333333333333
185,Москва,ЗАО,р-н Тропарево-Никулино,Юго-Западная,проспект Вернадского 113,1970.0,3.0,1.0,,,1 раздельный,Есть,Евроремонт,2.0,1.0,16.0,5.0,пешком,24000,10.0,18.0,51.0,0.3333333333333333,2,1333.3333333333333
186,Москва,ЦАО,р-н Басманный,Красные ворота,улица Покровка 43А,1917.0,5.0,1.0,Изолированная,,1 раздельный,Есть,Косметический,2.0,4.0,4.0,5.0,пешком,20000,10.0,17.0,104.0,0.2,1,1176.4705882352941
187,Москва,ЮВАО,р-н Марьино,Марьино,улица Перерва 20,1981.0,4.0,1.0,Изолированная,2.64,1 раздельный,Есть,Косметический,,2.0,12.0,16.0,пешком,15000,9.0,13.0,40.0,0.25,1,1153.8461538461538
188,Москва,ВАО,р-н Богородское,Бульвар Рокоссовского,Погонный проезд 12к1,1971.0,3.0,1.0,Изолированная,2.64,1 раздельный,Есть,Косметический,2.0,3.0,9.0,16.0,пешком,18000,9.0,20.0,50.0,0.3333333333333333,1,900.0
189,Москва,ЮАО,р-н Зябликово,Шипиловская,Ореховый проезд 35К1,1958.0,2.0,1.0,,,1 раздельный,Есть,Косметический,,5.0,12.0,9.0,пешком,13000,6.0,18.0,63.0,0.5,1,722.2222222222222
190,Москва,ЦАО,р-н Красносельский,Проспект Мира,Большая Спасская улица 31,1976.0,2.0,1.0,Изолированная,,1 раздельный,Есть,Косметический,2.0,1.0,16.0,10.0,пешком,20000,10.0,14.0,45.0,0.5,1,1428.5714285714287
191,Москва,САО,р-н Восточное Дегунино,Бескудниково,улица 800-летия Москвы 11К7,1973.0,2.0,1.0,,2.64,1 раздельный,Есть,Косметический,,5.0,9.0,4.0,пешком,15000,8.0,16.0,48.0,0.5,1,937.5
192,Москва,САО,р-н Беговой,Савеловская,улица 5-я Ямского Поля 23к1,1937.0,4.0,1.0,Изолированная,,1 раздельный,Есть,Косметический,2.0,3.0,5.0,13.0,пешком,25000,10.0,20.5,84.0,0.25,1,1219.5121951219512
193,Москва,СЗАО,р-н Южное Тушино,Сходненская,Туристская улица 1,1963.0,2.0,1.0,Изолированная,,1 совмещенный,Есть,Евроремонт,2.0,5.0,8.0,18.0,пешком,17000,7.0,17.0,58.0,0.5,2,1000.0
194,Москва,СЗАО,р-н Южное Тушино,Сходненская,улица Фабрициуса 25К1,1958.0,2.0,1.0,Изолированная,,1 совмещенный,Есть,Косметический,2.0,2.0,5.0,14.0,пешком,17000,7.0,10.0,63.0,0.5,1,1700.0
195,Москва,СЗАО,р-н Хорошево-Мневники,Мневники,улица Генерала Глаголева 11К2,1975.0,2.0,1.0,Изолированная,2.64,1 раздельный,Есть,Косметический,2.0,9.0,14.0,241.86831249999997,на транспорте,14000,9.0,11.0,46.0,0.5,1,1272.7272727272727
196,Москва,ЦАО,р-н Замоскворечье,Павелецкая,Озерковская набережная 48/50с1,1929.0,3.0,1.0,Изолированная,2.95,1 раздельный,Есть,Косметический,2.0,4.0,5.0,9.0,пешком,30000,7.5,17.0,92.0,0.3333333333333333,1,1764.7058823529412
197,Москва,ЮВАО,р-н Текстильщики,Волжская,улица Юных Ленинцев 33,1957.0,2.0,1.0,Изолированная,,1 раздельный,Есть,Косметический,2.0,5.0,5.0,13.0,пешком,25000,9.0,22.0,64.0,0.5,1,1136.3636363636363
198,Москва,СЗАО,р-н Щукино,Октябрьское поле,улица Маршала Вершинина 10,1953.0,3.0,1.0,Изолированная,,,Есть,Косметический,,4.0,5.0,5.0,пешком,25000,9.235539215686275,17.0,68.0,0.3333333333333333,1,1470.5882352941176
199,Москва,СВАО,р-н Северный,Новодачная,Дмитровское шоссе 169К6,2015.0,3.0,1.0,Изолированная,,,Есть,Дизайнерский,,5.0,17.0,17.0,пешком,18000,15.0,20.0,6.0,0.3333333333333333,3,900.0
200,Москва,ЮАО,р-н Орехово-Борисово Южное,Красногвардейская,Воронежская улица 26К3,1958.0,2.0,1.0,,,,Есть,Дизайнерский,2.0,9.0,9.0,8.0,пешком,13000,9.0,12.0,63.0,0.5,3,1083.3333333333333
201,Москва,НАО (Новомосковский),м. Рассказовка,Рассказовка,улица Бориса Пастернака 43,2016.0,3.0,1.0,Изолированная,2.74,1 раздельный,Есть,Евроремонт,2.0,4.0,17.0,120.93415624999999,на транспорте,18000,10.0,18.0,5.0,0.3333333333333333,2,1000.0
202,Москва,ЮЗАО,р-н Южное Бутово,Щербинка,пос. Милицейский улица Типографская,1958.0,3.0,1.0,,,1 раздельный,,Евроремонт,,3.0,5.0,20.0,пешком,16000,7.0,50.0,63.0,0.3333333333333333,2,320.0
203,Москва,ЮАО,р-н Бирюлево Западное,Покровское,Булатниковский проезд 14К4,1974.0,2.0,1.0,Изолированная,,1 раздельный,Есть,Косметический,0.0,12.0,12.0,241.86831249999997,на транспорте,14000,7.0,11.0,47.0,0.5,1,1272.7272727272727
204,Москва,ЮАО,р-н Орехово-Борисово Северное,Шипиловская,Борисовский проезд 22К1,1974.0,3.0,2.0,Изолированная,2.64,1 раздельный,,Косметический,2.0,8.0,9.0,17.0,пешком,18000,6.0,11.0,47.0,0.6666666666666666,1,1636.3636363636363
205,Москва,ЮАО,р-н Нагатинский затон,Коломенская,Судостроительная улица 43К1,1974.0,2.0,1.0,Изолированная,,1 раздельный,Есть,Косметический,2.0,7.0,9.0,18.0,пешком,15000,7.0,16.0,47.0,0.5,1,937.5
206,Москва,СЗАО,р-н Хорошево-Мневники,Народное ополчение,улица Народного Ополчения 8,1960.0,3.0,1.0,Изолированная,2.48,1 совмещенный,Есть,Косметический,2.0,1.0,5.0,7.0,пешком,16000,8.0,12.0,61.0,0.3333333333333333,1,1333.3333333333333
207,Москва,ЮВАО,р-н Рязанский,Стахановская,улица Коновалова 4,1958.0,3.0,1.0,Изолированная,,1 раздельный,Есть,Косметический,,3.0,5.0,7.0,пешком,15000,8.0,14.0,63.0,0.3333333333333333,1,1071.4285714285713
208,Москва,СВАО,р-н Бабушкинский,Бабушкинская,улица Коминтерна 2К2,1961.0,2.0,1.0,Изолированная,,1 совмещенный,Есть,Косметический,2.0,1.0,5.0,18.0,пешком,19000,6.0,14.0,60.0,0.5,1,1357.142857142857
209,Москва,СВАО,р-н Марьина роща,Марьина роща,проезд 4-й Марьиной рощи 3/5,1958.0,3.0,1.0,Изолированная,,,Есть,Евроремонт,2.0,1.0,5.0,5.0,пешком,20000,16.0,16.0,63.0,0.3333333333333333,2,1250.0
210,Москва,ЗАО,р-н Раменки,Ломоносовский проспект,улица Дружбы 2/19,1958.0,3.0,1.0,,,,Есть,Косметический,,3.0,9.0,7.0,пешком,21000,10.0,18.0,63.0,0.3333333333333333,1,1166.6666666666667
211,Москва,СВАО,р-н Южное Медведково,Бабушкинская,Заповедная улица 20,1979.0,2.0,1.0,,2.64,1 раздельный,Есть,Косметический,2.0,14.0,16.0,20.0,пешком,20000,10.0,18.0,42.0,0.5,1,1111.111111111111
212,Москва,ЮЗАО,р-н Южное Бутово,Улица Скобелевская,улица Поляны 5,2018.0,2.0,1.0,Изолированная,,1 раздельный,Есть,Дизайнерский,2.0,28.0,31.0,16.0,пешком,38000,35.0,20.0,3.0,0.5,3,1900.0
213,Москва,ЦАО,р-н Таганский,Римская,переулок Ковров 4к1,2009.0,3.0,1.0,Изолированная,,1 раздельный,Есть,Косметический,2.0,8.0,14.0,8.0,пешком,21000,10.0,16.0,12.0,0.3333333333333333,1,1312.5
214,Москва,ЦАО,р-н Красносельский,Сретенский бульвар,Милютинский переулок 20/2С1,1914.0,6.0,1.0,Изолированная,,"1 совмещенный, 1 раздельный",Есть,Косметический,,6.0,8.0,3.0,пешком,42000,9.235539215686275,16.0,107.0,0.16666666666666666,1,2625.0
215,Москва,ЮАО,р-н Братеево,Алма-Атинская,Братеевская улица 18К5,1997.0,3.0,1.0,Изолированная,,"1 совмещенный, 1 раздельный",Есть,Косметический,1.0,12.0,16.0,2.0,пешком,23000,9.235539215686275,17.0,24.0,0.3333333333333333,1,1352.9411764705883
216,Москва,СЗАО,р-н Южное Тушино,Сходненская,бульвар Яна Райниса 45К2,1958.0,3.0,1.0,,,1 раздельный,Есть,Косметический,2.0,5.0,22.0,20.0,пешком,20000,10.0,18.0,63.0,0.3333333333333333,1,1111.111111111111
217,Москва,СЗАО,р-н Щукино,Щукинская,Авиационная улица 63,2008.0,3.0,1.0,Изолированная,,1 раздельный,Есть,Евроремонт,2.0,16.0,26.0,3.0,пешком,23000,9.0,16.0,13.0,0.3333333333333333,2,1437.5
218,Москва,ЮВАО,р-н Марьино,Марьино,улица Маршала Голованова 18,1980.0,3.0,1.0,Изолированная,2.64,1 раздельный,Есть,Косметический,,1.0,16.0,15.0,пешком,18000,10.0,13.0,41.0,0.3333333333333333,1,1384.6153846153845
219,Москва,САО,р-н Восточное Дегунино,Бескудниково,Дубнинская улица 36К1,1978.0,3.0,1.0,Изолированная,2.48,1 раздельный,Есть,Евроремонт,,1.0,16.0,5.0,пешком,15000,8.0,10.0,43.0,0.3333333333333333,2,1500.0
220,Москва,СВАО,р-н Отрадное,Алтуфьево,Высоковольтный проезд 1к6,1958.0,3.0,1.0,,,,,Косметический,,1.0,5.0,302.335390625,на транспорте,20000,9.235539215686275,15.979064587973273,63.0,0.3333333333333333,1,1251.6377219635938
221,Москва,ЮАО,р-н Чертаново Северное,Чертановская,Северное Чертаново мкр 4к409,1980.0,3.0,1.0,Изолированная,,1 раздельный,Есть,Косметический,,7.0,15.0,12.0,пешком,18000,9.235539215686275,20.0,41.0,0.3333333333333333,1,900.0
222,Москва,ЮВАО,р-н Лефортово,Авиамоторная,2-я Кабельная улица 6,1958.0,2.0,1.0,,,,Есть,Косметический,,3.0,14.0,3.0,пешком,15000,7.0,15.0,63.0,0.5,1,1000.0
223,Москва,САО,р-н Молжаниновский,Ховрино,Синявинская улица 11к5,2012.0,2.0,1.0,Изолированная,2.8,1 раздельный,Есть,Косметический,1.0,1.0,19.0,1209.3415625,на транспорте,16000,9.0,14.0,9.0,0.5,1,1142.857142857143
224,Москва,СЗАО,р-н Южное Тушино,Сходненская,проезд Донелайтиса 24,1961.0,2.0,1.0,Смежная,2.48,1 совмещенный,Есть,Косметический,2.0,5.0,5.0,20.0,пешком,20000,7.0,21.0,60.0,0.5,1,952.3809523809524
225,Москва,ЦАО,р-н Басманный,Красные ворота,Малый Харитоньевский переулок 7С1,1890.0,6.0,1.0,Изолированная,,1 раздельный,,Косметический,2.0,3.0,4.0,4.0,пешком,23000,15.0,19.0,131.0,0.16666666666666666,1,1210.5263157894738
226,Москва,ЗАО,р-н Можайский,Немчиновка,Беловежская улица 77,1965.0,3.0,1.0,Изолированная,,1 раздельный,Есть,Косметический,2.0,2.0,16.0,302.335390625,на транспорте,15000,8.0,16.0,56.0,0.3333333333333333,1,937.5
227,Москва,САО,р-н Дмитровский,Селигерская,Коровинское шоссе 20К1,1967.0,2.0,1.0,Изолированная,2.64,1 совмещенный,Есть,Косметический,,8.0,9.0,181.40123437499997,на транспорте,15000,6.0,14.0,54.0,0.5,1,1071.4285714285713
228,Москва,ЮЗАО,р-н Теплый Стан,Теплый Стан,Профсоюзная улица 146К2,1972.0,3.0,1.0,Изолированная,2.64,1 раздельный,Есть,Косметический,2.0,2.0,9.0,7.0,пешком,16000,7.0,11.0,49.0,0.3333333333333333,1,1454.5454545454545
229,Москва,СВАО,р-н Алексеевский,ВДНХ,улица Бориса Галушкина 15,1958.0,3.0,1.0,,3.0,1 раздельный,Есть,Косметический,,3.0,8.0,10.0,пешком,17000,10.0,19.0,63.0,0.3333333333333333,1,894.7368421052631
230,Москва,САО,р-н Коптево,Коптево,Коптевская улица 18АК1,1954.0,3.0,1.0,Изолированная,,1 раздельный,Есть,Косметический,2.0,4.0,5.0,13.0,пешком,17000,7.0,16.0,67.0,0.3333333333333333,1,1062.5
231,Москва,СВАО,р-н Северное Медведково,Медведково,Полярная улица 26К2,1970.0,3.0,1.0,Изолированная,2.64,1 раздельный,Есть,Косметический,,7.0,9.0,20.0,пешком,17000,7.0,15.0,51.0,0.3333333333333333,1,1133.3333333333333
232,Москва,ВАО,р-н Ивановское,Новогиреево,Саянская улица 14,2000.0,2.0,1.0,Изолированная,2.64,1 раздельный,Есть,Косметический,2.0,2.0,22.0,241.86831249999997,на транспорте,18000,12.0,17.0,21.0,0.5,1,1058.8235294117646
233,Москва,ЮВАО,р-н Выхино-Жулебино,Выхино,Волгоградский проспект 160К2,1958.0,2.0,1.0,Изолированная,,1 раздельный,Есть,Косметический,2.0,8.0,12.0,120.93415624999999,на транспорте,18000,7.0,15.0,63.0,0.5,1,1200.0
234,Москва,ВАО,р-н Соколиная гора,Партизанская,Щербаковская улица 58А,1955.0,3.0,1.0,Изолированная,,1 совмещенный,Есть,Косметический,2.0,3.0,10.0,10.0,пешком,18000,8.0,12.0,66.0,0.3333333333333333,1,1500.0
235,Москва,ЮВАО,р-н Печатники,Перерва,Батюнинская улица 13,1981.0,3.0,1.0,,2.64,1 раздельный,Есть,Косметический,2.0,2.0,5.0,11.0,пешком,20000,7.0,18.0,40.0,0.3333333333333333,1,1111.111111111111
236,Москва,СВАО,р-н Ярославский,Выставочный центр,улица Проходчиков 7К3,1958.0,2.0,1.0,,,1 раздельный,Есть,Евроремонт,,3.0,4.0,665.137859375,на транспорте,20000,8.0,16.0,63.0,0.5,2,1250.0
237,Москва,ЮЗАО,р-н Теплый Стан,Тропарево,Ленинский проспект 129К1,1976.0,3.0,1.0,Изолированная,2.64,1 раздельный,Есть,Косметический,2.0,6.0,16.0,5.0,пешком,21000,10.0,19.0,45.0,0.3333333333333333,1,1105.2631578947369
238,Москва,ЦАО,р-н Пресненский,Улица 1905 года,улица Малая Грузинская 38,1958.0,2.0,1.0,,3.0,1 раздельный,Есть,Косметический,,6.0,7.0,12.0,пешком,23000,16.0,20.0,63.0,0.5,1,1150.0
239,Москва,ЦАО,р-н Красносельский,Каланчёвская,Большая Спасская улица 10К1,1958.0,2.0,1.0,Изолированная,,1 раздельный,Есть,Евроремонт,,15.0,17.0,7.0,пешком,25000,7.0,15.0,63.0,0.5,2,1666.6666666666667
240,Москва,СЗАО,р-н Северное Тушино,Планерная,улица Свободы 79,1988.0,2.0,1.0,Изолированная,2.64,1 раздельный,Есть,Косметический,,7.0,12.0,10.0,пешком,25000,7.0,14.0,33.0,0.5,1,1785.7142857142858
241,Москва,СЗАО,р-н Покровское-Стрешнево,Тушинская,улица Большая Набережная 19к3,1958.0,3.0,1.0,Изолированная,,1 раздельный,Есть,Косметический,2.0,7.0,21.0,120.93415624999999,на транспорте,25000,8.0,23.0,63.0,0.3333333333333333,1,1086.9565217391305
242,Москва,ЮВАО,р-н Южнопортовый,Кожуховская,6-я Кожуховская улица 29Б,1957.0,4.0,1.0,Изолированная,,1 раздельный,Есть,Косметический,2.0,4.0,5.0,6.0,пешком,25000,9.0,12.0,64.0,0.25,1,2083.3333333333335
243,Москва,ВАО,р-н Преображенское,Семеновская,Малая Семеновская улица 15/17К1,1929.0,3.0,1.0,Изолированная,3.3,2 раздельных,,Косметический,2.0,5.0,6.0,5.0,пешком,25000,8.0,21.9,92.0,0.3333333333333333,1,1141.5525114155253
244,Москва,ЮАО,р-н Царицыно,Царицыно,Севанская улица 4,1970.0,3.0,1.0,Изолированная,,1 раздельный,Есть,Евроремонт,2.0,4.0,12.0,3.0,пешком,25000,7.0,15.0,51.0,0.3333333333333333,2,1666.6666666666667
245,Москва,ВАО,р-н Преображенское,Преображенская площадь,Халтуринская улица 13,1971.0,2.0,1.0,,,1 раздельный,Есть,Косметический,2.0,6.0,9.0,14.0,пешком,25000,8.0,20.0,50.0,0.5,1,1250.0
246,Москва,ЦАО,р-н Замоскворечье,Павелецкая,Озерковская набережная 48/50с1,1929.0,3.0,1.0,Изолированная,2.95,1 раздельный,Есть,Евроремонт,2.0,4.0,5.0,9.0,пешком,30000,9.0,17.0,92.0,0.3333333333333333,2,1764.7058823529412
247,Москва,ЮАО,р-н Нагорный,Нахимовский проспект,Варшавское шоссе 62К1,1958.0,3.0,1.0,Изолированная,,1 раздельный,Есть,Косметический,2.0,2.0,6.0,10.0,пешком,15000,9.0,14.0,63.0,0.3333333333333333,1,1071.4285714285713
248,Москва,ЮАО,р-н Чертаново Южное,Красный Строитель,улица Газопровод 15,2004.0,3.0,1.0,Изолированная,,1 раздельный,Есть,Евроремонт,2.0,4.0,17.0,1.0,пешком,17000,9.235539215686275,15.0,17.0,0.3333333333333333,2,1133.3333333333333
249,Москва,ЮАО,р-н Нагатинский затон,Коломенская,Судостроительная улица 21/11,1964.0,3.0,1.0,,,1 раздельный,,Косметический,,1.0,5.0,10.0,пешком,18000,5.0,15.0,57.0,0.3333333333333333,1,1200.0
250,Москва,САО,р-н Головинский,Коптево,Флотская улица 27,1974.0,2.0,1.0,Изолированная,,1 раздельный,Есть,Евроремонт,2.0,16.0,16.0,241.86831249999997,на транспорте,12000,12.0,14.0,47.0,0.5,2,857.1428571428571
251,Москва,СЗАО,р-н Северное Тушино,Сходненская,улица Фомичевой 7К1,1958.0,2.0,1.0,,,,Есть,Косметический,,3.0,5.0,8.0,пешком,16000,6.0,10.0,63.0,0.5,1,1600.0
252,Москва,НАО (Новомосковский),м. Щербинка,Щербинка,улица Люблинская 4,1958.0,3.0,1.0,,,,,Косметический,,1.0,5.0,10.0,пешком,13000,9.235539215686275,15.979064587973273,63.0,0.3333333333333333,1,813.564519276336
253,Москва,СЗАО,р-н Северное Тушино,Планерная,улица Вилиса Лациса 27,2005.0,2.0,1.0,Изолированная,2.64,2 раздельных,,Евроремонт,,2.0,17.0,15.0,пешком,13000,9.235539215686275,5.0,16.0,0.5,2,2600.0
254,Москва,САО,р-н Хорошевский,Беговая,улица Полины Осипенко 2к2,2014.0,3.0,1.0,Изолированная,,1 раздельный,Есть,Косметический,2.0,5.0,25.0,12.0,пешком,25000,12.0,21.0,7.0,0.3333333333333333,1,1190.4761904761904
255,Москва,СЗАО,р-н Северное Тушино,Планерная,Планерная улица 12К5,1958.0,2.0,1.0,,,1 раздельный,Есть,Евроремонт,,8.0,9.0,3.0,пешком,18000,7.0,11.0,63.0,0.5,2,1636.3636363636363
256,Москва,ВАО,р-н Восточное Измайлово,Первомайская,11-я Парковая улица 38,1960.0,3.0,1.0,Изолированная,,1 раздельный,Есть,Косметический,0.0,5.0,5.0,10.0,пешком,15000,8.0,17.1,61.0,0.3333333333333333,1,877.1929824561403
257,Москва,ЮЗАО,р-н Коньково,Коньково,улица Академика Капицы 26К3,1986.0,3.0,1.0,Изолированная,2.64,1 раздельный,Есть,Косметический,2.0,10.0,17.0,8.0,пешком,15000,9.0,16.0,35.0,0.3333333333333333,1,937.5
258,Москва,САО,р-н Аэропорт,Петровский Парк,Новый Зыковский проезд 5,1961.0,2.0,1.0,Изолированная,,1 совмещенный,Есть,Косметический,2.0,2.0,5.0,10.0,пешком,20000,7.0,14.0,60.0,0.5,1,1428.5714285714287
259,Москва,ЮЗАО,р-н Зюзино,Каховская,улица Каховка 5К1,1963.0,2.0,1.0,Изолированная,2.48,1 раздельный,,Без ремонта,,3.0,5.0,5.0,пешком,12000,6.0,10.0,58.0,0.5,0,1200.0
260,Москва,СВАО,р-н Свиблово,Свиблово,проезд Русанова 5,1958.0,3.0,1.0,,,1 раздельный,Есть,Евроремонт,,12.0,17.0,4.0,пешком,17000,14.0,16.0,63.0,0.3333333333333333,2,1062.5
261,Москва,ЮЗАО,р-н Коньково,Беляево,Профсоюзная улица 92,1958.0,3.0,1.0,,,,Есть,Косметический,,5.0,9.0,6.0,пешком,20000,9.0,18.0,63.0,0.3333333333333333,1,1111.111111111111
262,Москва,ЮЗАО,р-н Ясенево,Ясенево,Вильнюсская улица 4,1958.0,3.0,1.0,Изолированная,,1 раздельный,Есть,Косметический,,5.0,9.0,10.0,пешком,17000,8.0,18.0,63.0,0.3333333333333333,1,944.4444444444445
263,Москва,СВАО,р-н Ярославский,Бабушкинская,Палехская улица 17,1972.0,3.0,1.0,Изолированная,2.64,1 раздельный,,Косметический,2.0,6.0,9.0,544.203703125,на транспорте,15000,7.0,10.0,49.0,0.3333333333333333,1,1500.0
264,Москва,ЗАО,р-н Фили-Давыдково,Славянский бульвар,Кременчугская улица 5К3,2005.0,3.0,1.0,Изолированная,2.64,1 раздельный,,Косметический,2.0,11.0,22.0,13.0,пешком,18000,10.0,11.4,16.0,0.3333333333333333,1,1578.9473684210525
265,Москва,САО,р-н Головинский,Коптево,Онежская улица 11/11,1954.0,2.0,1.0,,,1 раздельный,Есть,Косметический,,3.0,5.0,13.0,пешком,17000,9.0,17.0,67.0,0.5,1,1000.0
266,Москва,НАО (Новомосковский),Московский,Аэропорт Внуково,3-й мкр 6,2008.0,3.0,1.0,,,1 раздельный,Есть,Косметический,2.0,6.0,17.0,725.6049374999999,на транспорте,18000,9.235539215686275,12.0,13.0,0.3333333333333333,1,1500.0
267,Москва,ЦАО,р-н Таганский,Пролетарская,Воронцовская улица 48,1927.0,3.0,1.0,,,1 раздельный,Есть,Косметический,2.0,4.0,5.0,1.0,пешком,15000,8.0,9.0,94.0,0.3333333333333333,1,1666.6666666666667
268,Москва,САО,р-н Савеловский,Петровский Парк,Мирской переулок 8К2,1956.0,3.0,1.0,Изолированная,,1 раздельный,Есть,Косметический,2.0,1.0,5.0,11.0,пешком,15000,8.0,15.0,65.0,0.3333333333333333,1,1000.0
269,Москва,ЮЗАО,р-н Теплый Стан,Тропарево,улица Академика Варги 28,1974.0,2.0,1.0,Изолированная,2.64,1 совмещенный,Есть,Косметический,,2.0,9.0,17.0,пешком,15000,7.0,12.0,47.0,0.5,1,1250.0
270,Москва,ЦАО,р-н Пресненский,Белорусская,Большой Тишинский переулок 2,1982.0,3.0,1.0,Изолированная,2.64,1 раздельный,Есть,Косметический,0.0,11.0,12.0,12.0,пешком,21000,9.0,14.0,39.0,0.3333333333333333,1,1500.0
271,Москва,СЗАО,р-н Митино,Митино,Митинская улица 31,1958.0,3.0,1.0,,,,,Косметический,,1.0,5.0,3.0,пешком,21000,9.235539215686275,15.979064587973273,63.0,0.3333333333333333,1,1314.2196080617737
272,Москва,ВАО,р-н Преображенское,Бульвар Рокоссовского,Открытое шоссе 6К13,1973.0,2.0,1.0,Изолированная,,1 раздельный,Есть,Косметический,,2.0,12.0,10.0,пешком,17000,8.0,10.0,48.0,0.5,1,1700.0
273,Москва,ЮЗАО,р-н Теплый Стан,Коньково,улица Островитянова 18К3,1958.0,3.0,1.0,Изолированная,,1 раздельный,Есть,Косметический,2.0,3.0,12.0,5.0,пешком,16000,8.0,13.0,63.0,0.3333333333333333,1,1230.7692307692307
274,Москва,ЮЗАО,р-н Теплый Стан,Коньково,Профсоюзная улица 136К2,1972.0,2.0,1.0,Изолированная,2.64,1 раздельный,Есть,Косметический,2.0,8.0,9.0,5.0,пешком,17000,8.0,12.0,49.0,0.5,1,1416.6666666666667
275,Москва,ЗАО,р-н Тропарево-Никулино,Юго-Западная,улица 26 Бакинских Комиссаров 3к3,1958.0,3.0,1.0,,,1 раздельный,Есть,Косметический,,11.0,12.0,11.0,пешком,18000,7.0,16.0,63.0,0.3333333333333333,1,1125.0
276,Москва,ЮВАО,р-н Текстильщики,Текстильщики,Люблинская улица 5К1,1969.0,3.0,1.0,Изолированная,2.64,,Есть,Косметический,2.0,5.0,9.0,10.0,пешком,22000,8.0,20.0,52.0,0.3333333333333333,1,1100.0
277,Москва,ЮАО,р-н Царицыно,Кантемировская,Ереванская улица 5к1,1965.0,2.0,1.0,Изолированная,2.48,1 раздельный,Есть,Косметический,2.0,3.0,5.0,11.0,пешком,16000,7.0,20.0,56.0,0.5,1,800.0
278,Москва,СЗАО,р-н Хорошево-Мневники,Народное ополчение,улица Народного Ополчения 4,1958.0,2.0,1.0,Изолированная,,1 совмещенный,Есть,Косметический,2.0,4.0,5.0,11.0,пешком,16000,8.0,10.0,63.0,0.5,1,1600.0
279,Москва,ЮВАО,р-н Печатники,Депо,улица Полбина 62,1970.0,3.0,1.0,Изолированная,2.64,1 раздельный,Есть,Косметический,2.0,7.0,9.0,3.0,пешком,18000,10.0,13.0,51.0,0.3333333333333333,1,1384.6153846153845
280,Москва,ЮЗАО,р-н Ясенево,Ясенево,Голубинская улица 15/10,1976.0,3.0,1.0,,2.64,1 раздельный,,Косметический,,5.0,9.0,15.0,пешком,14000,7.0,15.0,45.0,0.3333333333333333,1,933.3333333333334
281,Москва,ЗАО,р-н Кунцево,Рабочий поселок,Кунцевская улица 8К1,1981.0,3.0,1.0,,2.64,,,Косметический,,3.0,17.0,7.0,пешком,19000,9.235539215686275,20.0,40.0,0.3333333333333333,1,950.0
282,Москва,СВАО,р-н Свиблово,Свиблово,проезд Нансена 10К1,1958.0,2.0,1.0,,,1 раздельный,Есть,Косметический,,1.0,5.0,5.0,пешком,20000,6.0,11.0,63.0,0.5,1,1818.1818181818182
283,Москва,ЗАО,р-н Филевский парк,Филевский парк,2-я Филевская улица 13,1958.0,3.0,1.0,Изолированная,,1 раздельный,Есть,Косметический,2.0,5.0,5.0,7.0,пешком,20000,10.0,16.0,63.0,0.3333333333333333,1,1250.0
284,Москва,ЮЗАО,р-н Зюзино,Зюзино,Балаклавский проспект 36К1,1964.0,3.0,1.0,Изолированная,2.48,1 совмещенный,Есть,Косметический,,3.0,5.0,13.0,пешком,15000,6.0,10.0,57.0,0.3333333333333333,1,1500.0
285,Москва,ЦАО,р-н Мещанский,Рижская,Трифоновская улица 49,1964.0,3.0,1.0,Изолированная,,1 раздельный,Есть,Косметический,2.0,2.0,8.0,10.0,пешком,19000,10.0,20.0,57.0,0.3333333333333333,1,950.0
286,Москва,ЦАО,р-н Басманный,Курская,переулок Токмаков 13-15,1958.0,2.0,1.0,Изолированная,2.7,1 совмещенный,Есть,Косметический,2.0,5.0,12.0,12.0,пешком,24000,10.0,12.0,63.0,0.5,1,2000.0
287,Москва,ЮЗАО,р-н Черемушки,Новые Черемушки,Перекопская улица 30,1976.0,2.0,1.0,Изолированная,2.64,1 раздельный,Есть,Косметический,2.0,7.0,9.0,17.0,пешком,18000,7.0,12.0,45.0,0.5,1,1500.0
288,Москва,ЮЗАО,р-н Теплый Стан,Тропарево,Ленинский проспект 123К1,1975.0,2.0,1.0,Изолированная,,1 раздельный,Есть,Косметический,2.0,1.0,16.0,10.0,пешком,20000,10.0,20.0,46.0,0.5,1,1000.0
289,Москва,ЗАО,р-н Внуково,Рассказовка,улица Большая Внуковская 17,1958.0,2.0,1.0,,,1 раздельный,Есть,Косметический,,2.0,9.0,423.26954687499995,на транспорте,12000,8.0,20.0,63.0,0.5,1,600.0
290,Москва,ЮЗАО,р-н Коньково,Коньково,улица Островитянова 15К1,1999.0,2.0,1.0,Изолированная,2.64,1 раздельный,Есть,Евроремонт,2.0,5.0,16.0,12.0,пешком,20000,9.0,12.0,22.0,0.5,2,1666.6666666666667
291,Москва,ЮВАО,р-н Выхино-Жулебино,Юго-Восточная,Ташкентская улица 25К1,1970.0,3.0,1.0,Изолированная,2.5,1 раздельный,Есть,Косметический,,7.0,10.0,8.0,пешком,15000,6.7,10.0,51.0,0.3333333333333333,1,1500.0
292,Москва,ЮАО,р-н Орехово-Борисово Южное,Зябликово,Ясеневая улица 31К2,1977.0,3.0,1.0,Изолированная,2.64,1 раздельный,Есть,Косметический,2.0,3.0,9.0,12.0,пешком,15000,9.0,10.0,44.0,0.3333333333333333,1,1500.0
293,Москва,ЦАО,р-н Хамовники,Парк Культуры,Зубовский бульвар 13С1,1958.0,6.0,1.0,,,2 раздельных,Есть,Косметический,,5.0,6.0,2.0,пешком,25000,12.0,14.0,63.0,0.16666666666666666,1,1785.7142857142858
294,Москва,ЮАО,р-н Бирюлево Западное,Улица Академика Янгеля,Харьковская улица 3К6,1958.0,3.0,1.0,,,,Есть,Косметический,,3.0,16.0,302.335390625,на транспорте,13000,7.0,14.0,63.0,0.3333333333333333,1,928.5714285714286
295,Москва,ЗАО,р-н Тропарево-Никулино,Юго-Западная,улица Академика Анохина 26К3,1989.0,3.0,1.0,,2.64,1 раздельный,Есть,Косметический,2.0,15.0,17.0,12.0,пешком,21000,10.0,20.0,32.0,0.3333333333333333,1,1050.0
296,Москва,ЮЗАО,р-н Академический,Профсоюзная,Профсоюзная улица 17К2,1958.0,3.0,1.0,,,1 раздельный,Есть,Косметический,,1.0,5.0,3.0,пешком,21000,9.0,15.0,63.0,0.3333333333333333,1,1400.0
297,Москва,ЮАО,р-н Даниловский,Автозаводская,3-й Автозаводский проезд 4,1960.0,3.0,1.0,Изолированная,,1 раздельный,Есть,Косметический,,6.0,8.0,4.0,пешком,15000,9.0,18.0,61.0,0.3333333333333333,1,833.3333333333334
298,Москва,САО,р-н Савеловский,Савеловская,Бутырская улица 5,1964.0,2.0,1.0,Изолированная,,1 раздельный,Есть,Косметический,0.0,2.0,9.0,1.0,пешком,20000,6.0,18.0,57.0,0.5,1,1111.111111111111
299,Москва,СЗАО,р-н Северное Тушино,Сходненская,Туристская улица 18,1967.0,3.0,1.0,Изолированная,2.64,1 раздельный,,Косметический,,9.0,9.0,15.0,пешком,15000,6.5,15.0,54.0,0.3333333333333333,1,1000.0
300,Москва,ЗАО,р-н Можайский,Кунцевская,улица Багрицкого 10К1,1958.0,3.0,1.0,,,,Есть,Косметический,,5.0,5.0,15.0,пешком,18000,6.0,16.0,63.0,0.3333333333333333,1,1125.0
301,Москва,ВАО,р-н Богородское,Преображенская площадь,Малая Черкизовская улица 66,1958.0,3.0,1.0,Изолированная,,1 раздельный,Есть,Косметический,2.0,6.0,12.0,15.0,пешком,15000,9.0,18.0,63.0,0.3333333333333333,1,833.3333333333334
302,Москва,ЮАО,р-н Орехово-Борисово Южное,Зябликово,Елецкая улица 22/25,1977.0,3.0,1.0,Изолированная,2.5,1 раздельный,Есть,Косметический,,9.0,12.0,12.0,пешком,16000,7.0,13.5,44.0,0.3333333333333333,1,1185.1851851851852
303,Москва,САО,р-н Бескудниковский,Селигерская,Бескудниковский бульвар 48К5,1958.0,2.0,1.0,,,,Есть,Косметический,,3.0,5.0,12.0,пешком,15000,6.0,18.0,63.0,0.5,1,833.3333333333334
304,Москва,СЗАО,р-н Строгино,Строгино,улица Маршала Катукова 2к1,1979.0,3.0,1.0,Смежная,2.5,1 раздельный,Есть,Косметический,2.0,6.0,12.0,16.0,пешком,15000,7.0,13.0,42.0,0.3333333333333333,1,1153.8461538461538
305,Москва,ЮАО,р-н Нагорный,Каховская,Ялтинская улица 6,2001.0,2.0,1.0,Изолированная,,1 раздельный,Есть,Косметический,2.0,10.0,14.0,10.0,пешком,18000,9.0,15.0,20.0,0.5,1,1200.0
306,Москва,СВАО,р-н Южное Медведково,Свиблово,Заповедная улица 16к3,2009.0,2.0,1.0,,,1 раздельный,Есть,Косметический,,13.0,16.0,19.0,пешком,22000,10.0,20.0,12.0,0.5,1,1100.0
307,Москва,ЮАО,р-н Орехово-Борисово Южное,Зябликово,Елецкая улица 22/25,1977.0,2.0,1.0,Изолированная,2.5,1 раздельный,Есть,Косметический,,2.0,12.0,14.0,пешком,17000,8.0,16.0,44.0,0.5,1,1062.5
308,Москва,ЗАО,р-н Фили-Давыдково,Филевский парк,улица Олеко Дундича 37,1960.0,3.0,1.0,Изолированная,,1 совмещенный,Есть,Косметический,0.0,2.0,5.0,5.0,пешком,17000,6.0,16.0,61.0,0.3333333333333333,1,1062.5
309,Москва,ЗАО,р-н Тропарево-Никулино,Юго-Западная,улица 26 Бакинских Комиссаров 1к2,1968.0,3.0,1.0,Изолированная,2.5,1 раздельный,Есть,Евроремонт,2.0,6.0,9.0,12.0,пешком,25000,7.0,16.0,53.0,0.3333333333333333,2,1562.5
310,Москва,ЮВАО,р-н Рязанский,Рязанский проспект,Зеленодольская улица 9К1,1970.0,3.0,1.0,Изолированная,2.64,1 раздельный,,Евроремонт,2.0,4.0,9.0,9.0,пешком,24000,7.0,17.0,51.0,0.3333333333333333,2,1411.764705882353
311,Москва,ЮВАО,р-н Люблино,Люблино,Краснодонская улица 49/17,1961.0,3.0,1.0,Изолированная,2.64,1 совмещенный,Есть,Евроремонт,2.0,4.0,5.0,10.0,пешком,24000,7.0,16.0,60.0,0.3333333333333333,2,1500.0
312,Москва,ЮАО,р-н Чертаново Южное,Пражская,улица Подольских Курсантов 12К1,1973.0,3.0,1.0,Изолированная,2.64,1 раздельный,Есть,Косметический,2.0,3.0,9.0,12.0,пешком,16000,7.0,14.0,48.0,0.3333333333333333,1,1142.857142857143
313,Москва,ЮАО,р-н Чертаново Северное,Чертановская,Северное Чертаново мкр 4,1958.0,3.0,1.0,,,1 раздельный,Есть,Косметический,,7.0,15.0,10.0,пешком,18000,7.0,21.0,63.0,0.3333333333333333,1,857.1428571428571
314,Москва,ЮАО,р-н Нагатинский затон,Коломенская,Судостроительная улица 30К2,1966.0,3.0,1.0,Изолированная,,1 раздельный,,Косметический,2.0,9.0,9.0,18.0,пешком,16000,7.0,15.0,55.0,0.3333333333333333,1,1066.6666666666667
315,Москва,ЦАО,р-н Басманный,Электрозаводская,Семеновская набережная 3/1К6,1957.0,3.0,1.0,Изолированная,,1 раздельный,Есть,Косметический,2.0,11.0,11.0,2.0,пешком,23000,7.0,15.0,64.0,0.3333333333333333,1,1533.3333333333333
316,Москва,ВАО,р-н Перово,Перово,1-я Владимирская улица 22К2,1958.0,4.0,2.0,Смежная,,1 раздельный,Есть,Косметический,2.0,3.0,5.0,7.0,пешком,20000,8.0,38.0,63.0,0.5,1,526.3157894736842
317,Москва,ВАО,р-н Гольяново,Щелковская,Щелковское шоссе 19,1966.0,2.0,1.0,Изолированная,2.64,1 раздельный,Есть,Косметический,,4.0,9.0,17.0,пешком,15000,7.0,16.0,55.0,0.5,1,937.5
318,Москва,ВАО,р-н Новокосино,Новокосино,Новокосинская улица 24К1,1997.0,3.0,1.0,,2.64,1 раздельный,Есть,Косметический,,10.0,22.0,9.0,пешком,15000,10.0,14.0,24.0,0.3333333333333333,1,1071.4285714285713
319,Москва,ЗелАО,р-н Крюково,Крюково,мкр. 16-й к1606,1993.0,3.0,1.0,Изолированная,2.64,1 раздельный,Есть,Косметический,2.0,14.0,17.0,120.93415624999999,на транспорте,12000,9.0,14.0,28.0,0.3333333333333333,1,857.1428571428571
320,Москва,САО,р-н Хорошевский,Аэропорт,улица Викторенко 3,1958.0,3.0,1.0,,,,,Косметический,,2.0,5.0,5.0,пешком,20000,8.0,18.0,63.0,0.3333333333333333,1,1111.111111111111
321,Москва,ВАО,р-н Богородское,Бульвар Рокоссовского,Открытое шоссе 6К1,1964.0,2.0,1.0,Изолированная,2.48,1 раздельный,Есть,Косметический,2.0,2.0,5.0,5.0,пешком,15000,7.0,14.0,57.0,0.5,1,1071.4285714285713
322,Москва,ЮВАО,р-н Марьино,Марьино,Батайский проезд 51,1958.0,2.0,1.0,,,,Есть,Косметический,,6.0,17.0,11.0,пешком,14000,8.0,13.0,63.0,0.5,1,1076.923076923077
323,Москва,СЗАО,р-н Северное Тушино,Планерная,Планерная улица 12К3,1967.0,3.0,1.0,Изолированная,2.64,1 совмещенный,Есть,Дизайнерский,1.0,2.0,9.0,2.0,пешком,20000,7.0,12.0,54.0,0.3333333333333333,3,1666.6666666666667
324,Москва,ЮАО,р-н Орехово-Борисово Северное,Домодедовская,Каширское шоссе 98К2,1974.0,2.0,1.0,Изолированная,2.64,1 раздельный,Есть,Косметический,,2.0,9.0,7.0,пешком,16000,6.0,12.0,47.0,0.5,1,1333.3333333333333
325,Москва,ЮАО,р-н Орехово-Борисово Северное,Домодедовская,Борисовский проезд 8К2,1974.0,3.0,1.0,Смежная,2.64,1 раздельный,Есть,Косметический,2.0,1.0,9.0,14.0,пешком,11000,7.0,10.0,47.0,0.3333333333333333,1,1100.0
326,Москва,ЮАО,р-н Братеево,Борисово,улица Борисовские Пруды 18к3,1987.0,2.0,1.0,Изолированная,2.64,1 раздельный,Есть,Косметический,0.0,14.0,17.0,7.0,пешком,15000,12.0,16.0,34.0,0.5,1,937.5
327,Москва,ЗАО,р-н Солнцево,Говорово,улица 50 лет Октября 7,1971.0,2.0,1.0,Изолированная,2.64,1 раздельный,,Косметический,2.0,9.0,12.0,15.0,пешком,20000,8.0,12.0,50.0,0.5,1,1666.6666666666667
328,Москва,ЦАО,р-н Арбат,Смоленская,Панфиловский переулок 3,1947.0,2.0,1.0,Изолированная,,1 раздельный,Есть,Косметический,0.0,1.0,5.0,6.0,пешком,25000,5.0,9.0,74.0,0.5,1,2777.777777777778
329,Москва,ЮАО,р-н Чертаново Южное,Покровское,3-й Дорожный проезд 7К1,1973.0,3.0,1.0,Изолированная,2.5,1 совмещенный,Есть,Косметический,2.0,8.0,12.0,14.0,пешком,14000,8.0,16.0,48.0,0.3333333333333333,1,875.0
330,Москва,ЮАО,р-н Орехово-Борисово Южное,Домодедовская,улица Генерала Белова 45К1,1979.0,2.0,1.0,Изолированная,2.48,1 раздельный,Есть,Косметический,,3.0,16.0,6.0,пешком,20000,10.0,16.0,42.0,0.5,1,1250.0
331,Москва,ЮВАО,р-н Выхино-Жулебино,Юго-Восточная,Самаркандский бульвар 22К1,1967.0,2.0,1.0,Изолированная,2.64,1 раздельный,Есть,Косметический,2.0,4.0,5.0,6.0,пешком,16000,6.0,10.0,54.0,0.5,1,1600.0
332,Москва,ЮАО,р-н Москворечье-Сабурово,Москворечье,Кантемировская улица 4К1,1988.0,3.0,1.0,Изолированная,2.64,1 раздельный,Есть,Косметический,,4.0,17.0,9.0,пешком,15000,10.0,12.0,33.0,0.3333333333333333,1,1250.0
333,Москва,ВАО,р-н Вешняки,Выхино,улица Молдагуловой 11К2,1970.0,3.0,1.0,Смежная,2.64,1 раздельный,Есть,Косметический,,8.0,9.0,10.0,пешком,12000,8.0,13.0,51.0,0.3333333333333333,1,923.0769230769231
334,Москва,ВАО,р-н Ивановское,Новогиреево,улица Сталеваров 10К1,1972.0,3.0,1.0,,2.64,1 раздельный,Есть,Косметический,2.0,9.0,9.0,181.40123437499997,на транспорте,16000,6.0,12.0,49.0,0.3333333333333333,1,1333.3333333333333
335,Москва,ЮАО,р-н Чертаново Центральное,Пражская,улица Красного Маяка 15АС1,1958.0,5.0,1.0,Изолированная,,1 раздельный,,Косметический,2.0,2.0,4.0,15.0,пешком,10000,15.0,12.0,63.0,0.2,1,833.3333333333334
336,Москва,ЮЗАО,р-н Котловка,Нагорная,Нагорная улица 35К1,1961.0,2.0,1.0,Изолированная,2.48,1 раздельный,Есть,Косметический,2.0,2.0,5.0,15.0,пешком,14000,7.0,15.0,60.0,0.5,1,933.3333333333334
337,Москва,ВАО,р-н Богородское,Бульвар Рокоссовского,Ивантеевская улица 9,2000.0,2.0,1.0,Изолированная,,1 раздельный,Есть,Косметический,2.0,5.0,14.0,10.0,пешком,20000,15.0,23.0,21.0,0.5,1,869.5652173913044
338,Москва,ЮЗАО,р-н Зюзино,Севастопольская,Симферопольский бульвар 24К7,2003.0,2.0,1.0,Изолированная,,1 совмещенный,Есть,Косметический,,5.0,16.0,5.0,пешком,25000,11.0,16.0,18.0,0.5,1,1562.5
339,Москва,ЮАО,р-н Царицыно,Царицыно,Каспийская улица 26К2,1966.0,2.0,1.0,Изолированная,2.48,1 раздельный,Есть,Косметический,2.0,3.0,5.0,6.0,пешком,20000,6.0,18.0,55.0,0.5,1,1111.111111111111
340,Москва,ЗАО,р-н Фили-Давыдково,Славянский бульвар,Славянский бульвар 9К4,1966.0,2.0,1.0,,2.5,1 раздельный,Есть,Косметический,1.0,3.0,5.0,9.0,пешком,15000,6.0,14.0,55.0,0.5,1,1071.4285714285713
341,Москва,ЗелАО,р-н Крюково,Крюково,мкр. 18-й К1824,1996.0,2.0,1.0,,2.64,1 раздельный,Есть,Косметический,2.0,7.0,14.0,4.0,пешком,14000,9.0,17.0,25.0,0.5,1,823.5294117647059
342,Москва,ЮАО,р-н Зябликово,Красногвардейская,Ореховый бульвар 61К1,1986.0,2.0,1.0,Изолированная,2.64,1 раздельный,Есть,Косметический,,10.0,14.0,15.0,пешком,15000,10.0,18.0,35.0,0.5,1,833.3333333333334
343,Москва,СЗАО,р-н Покровское-Стрешнево,Тушинская,улица Мещерякова 8,1958.0,2.0,1.0,,,1 раздельный,Есть,Косметический,,5.0,5.0,15.0,пешком,18000,9.0,16.0,63.0,0.5,1,1125.0
344,Москва,СЗАО,р-н Митино,Волоколамская,Пятницкое шоссе 12к3,1958.0,4.0,1.0,,,1 совмещенный,,Евроремонт,,12.0,22.0,10.0,пешком,20000,11.0,16.0,63.0,0.25,2,1250.0
345,Москва,ВАО,р-н Новогиреево,Перово,Перовская улица 51,1960.0,3.0,1.0,Изолированная,,1 раздельный,Есть,Евроремонт,2.0,3.0,5.0,8.0,пешком,23000,9.0,21.0,61.0,0.3333333333333333,2,1095.2380952380952
346,Москва,СВАО,р-н Бибирево,Бибирево,улица Коненкова 11,1974.0,2.0,1.0,Изолированная,2.64,1 раздельный,Есть,Косметический,2.0,7.0,12.0,10.0,пешком,20000,8.0,16.0,47.0,0.5,1,1250.0
347,Москва,ЗАО,р-н Дорогомилово,Киевская,Кутузовский проспект 14,1957.0,3.0,1.0,Изолированная,,1 раздельный,Есть,Косметический,2.0,3.0,8.0,11.0,пешком,22000,8.0,18.0,64.0,0.3333333333333333,1,1222.2222222222222
348,Москва,ЮАО,р-н Чертаново Центральное,Пражская,Кировоградская улица 32К3,1972.0,3.0,1.0,Изолированная,2.64,1 раздельный,Есть,Евроремонт,2.0,8.0,12.0,9.0,пешком,25000,7.0,17.0,49.0,0.3333333333333333,2,1470.5882352941176
349,Москва,ЮАО,р-н Бирюлево Западное,Красный Строитель,Харьковский проезд 11К2,1973.0,3.0,2.0,Смежная,2.64,1 раздельный,Есть,Косметический,2.0,8.0,12.0,423.26954687499995,на транспорте,20000,6.0,23.0,48.0,0.6666666666666666,1,869.5652173913044
350,Москва,ЮАО,р-н Орехово-Борисово Южное,Домодедовская,Шипиловский проезд 63К1,1974.0,3.0,1.0,Изолированная,2.64,1 раздельный,Есть,Косметический,2.0,4.0,9.0,17.0,пешком,15000,7.0,10.0,47.0,0.3333333333333333,1,1500.0
351,Москва,СВАО,р-н Лианозово,Алтуфьево,Абрамцевская улица 2,1976.0,2.0,1.0,Изолированная,2.64,1 раздельный,Есть,Косметический,2.0,12.0,12.0,14.0,пешком,16000,7.0,12.0,45.0,0.5,1,1333.3333333333333
352,Москва,ЦАО,р-н Тверской,Новослободская,улица Чаянова 16,1959.0,4.0,1.0,Изолированная,,1 раздельный,,Косметический,2.0,2.0,8.0,4.0,пешком,25000,7.0,14.0,62.0,0.25,1,1785.7142857142858
353,Москва,ЗАО,р-н Дорогомилово,Студенческая,Киевская улица 16,1935.0,2.0,1.0,Изолированная,,1 раздельный,Есть,Косметический,,4.0,5.0,4.0,пешком,22000,8.0,17.0,86.0,0.5,1,1294.1176470588234
354,Москва,ЮЗАО,р-н Южное Бутово,Бульвар Адмирала Ушакова,Чечерский проезд вл5с2,1958.0,3.0,1.0,Изолированная,,1 совмещенный,,Евроремонт,2.0,2.0,3.0,181.40123437499997,на транспорте,18000,9.0,18.0,63.0,0.3333333333333333,2,1000.0
355,Москва,ЮЗАО,р-н Коньково,Беляево,улица Введенского 21,1958.0,2.0,1.0,,,1 раздельный,Есть,Евроремонт,,4.0,5.0,11.0,пешком,18000,7.0,12.0,63.0,0.5,2,1500.0
356,Москва,ЮАО,р-н Чертаново Северное,Чертановская,Чертановская улица 3К2,1969.0,3.0,1.0,Изолированная,2.64,1 раздельный,Есть,Косметический,0.0,9.0,9.0,12.0,пешком,15000,7.0,9.0,52.0,0.3333333333333333,1,1666.6666666666667
357,Москва,ЮАО,р-н Бирюлево Западное,Покровское,Медынская улица 5К1,1972.0,3.0,1.0,Смежная,2.5,1 раздельный,Есть,Косметический,2.0,10.0,12.0,544.203703125,на транспорте,14000,9.0,15.0,49.0,0.3333333333333333,1,933.3333333333334
358,Москва,ЮАО,р-н Зябликово,Красногвардейская,Ореховый проезд 41,1976.0,3.0,1.0,Изолированная,2.64,1 раздельный,Есть,Косметический,,13.0,16.0,10.0,пешком,17000,8.0,14.0,45.0,0.3333333333333333,1,1214.2857142857142
359,Москва,ЮАО,р-н Царицыно,Москворечье,улица Медиков 11,1968.0,2.0,1.0,,2.64,1 раздельный,Есть,Косметический,2.0,3.0,9.0,13.0,пешком,12000,7.0,10.0,53.0,0.5,1,1200.0
360,Москва,СЗАО,р-н Щукино,Щукинская,Авиационная улица 70К4,1966.0,3.0,1.0,,2.64,1 раздельный,Есть,Косметический,,8.0,12.0,9.0,пешком,22000,10.0,15.0,55.0,0.3333333333333333,1,1466.6666666666667
361,Москва,САО,р-н Западное Дегунино,Ховрино,улица Маршала Федоренко 8К2,1981.0,3.0,1.0,Изолированная,2.5,1 раздельный,Есть,Косметический,2.0,4.0,12.0,11.0,пешком,17000,8.0,15.0,40.0,0.3333333333333333,1,1133.3333333333333
362,Москва,ЗелАО,р-н Крюково,Пятницкое шоссе,Зеленоград мкр. 19-й,1975.0,2.0,1.0,Изолированная,,1 раздельный,Есть,Косметический,,2.0,5.0,1511.676953125,на транспорте,12000,6.0,10.0,46.0,0.5,1,1200.0
363,Москва,ЮАО,р-н Нагатинский затон,Коломенская,Кленовый бульвар 5,1965.0,3.0,1.0,Изолированная,2.64,1 совмещенный,,Косметический,2.0,7.0,9.0,10.0,пешком,17000,9.0,12.0,56.0,0.3333333333333333,1,1416.6666666666667
364,Москва,ЮАО,р-н Чертаново Северное,Южная,Сумская улица 12К2,1969.0,3.0,1.0,Изолированная,2.5,1 совмещенный,Есть,Евроремонт,2.0,7.0,9.0,7.0,пешком,27000,7.0,15.0,52.0,0.3333333333333333,2,1800.0
365,Москва,ЦАО,р-н Хамовники,Смоленская,переулок Плотников 4/5,1890.0,4.0,1.0,Изолированная,3.3,1 раздельный,Есть,Косметический,2.0,3.0,4.0,8.0,пешком,25000,15.0,14.0,131.0,0.25,1,1785.7142857142858
366,Москва,ЗелАО,р-н Старое Крюково,Крюково,мкр. 8-й к801,1973.0,2.0,1.0,,2.64,1 раздельный,Есть,Косметический,2.0,8.0,9.0,20.0,пешком,13000,8.0,10.0,48.0,0.5,1,1300.0
367,Москва,НАО (Новомосковский),м. Рассказовка,Рассказовка,д. Марушкино 14,1984.0,2.0,1.0,Изолированная,,1 раздельный,Есть,Косметический,2.0,1.0,12.0,907.006171875,на транспорте,15000,8.0,19.0,37.0,0.5,1,789.4736842105264
368,Москва,ЮАО,р-н Нагатинский затон,Коломенская,Якорная улица 5К2,1968.0,3.0,1.0,Изолированная,2.64,1 раздельный,Есть,Косметический,,8.0,9.0,15.0,пешком,17000,7.0,12.0,53.0,0.3333333333333333,1,1416.6666666666667
369,Москва,ЮВАО,р-н Лефортово,Лефортово,улица 2-я Синичкина 11,1977.0,3.0,1.0,Изолированная,2.48,1 совмещенный,Есть,Косметический,2.0,9.0,12.0,10.0,пешком,20000,10.0,18.0,44.0,0.3333333333333333,1,1111.111111111111
370,Москва,ЦАО,р-н Пресненский,Улица 1905 года,2-я Черногрязская улица 9,1960.0,3.0,1.0,Изолированная,2.64,,Есть,Косметический,2.0,3.0,5.0,14.0,пешком,25000,10.0,17.0,61.0,0.3333333333333333,1,1470.5882352941176
371,Москва,САО,р-н Сокол,Панфиловская,Песчаный переулок 14К1,1965.0,3.0,1.0,Изолированная,,1 раздельный,Есть,Косметический,,5.0,5.0,10.0,пешком,18000,6.0,16.0,56.0,0.3333333333333333,1,1125.0
372,Москва,СЗАО,р-н Строгино,Строгино,улица Маршала Катукова 22к1,1980.0,4.0,1.0,Изолированная,2.64,,Есть,Дизайнерский,2.0,1.0,12.0,5.0,пешком,18000,8.0,16.0,41.0,0.25,3,1125.0
373,Москва,ЮВАО,р-н Южнопортовый,Дубровка,улица 1-я Машиностроения 4К1,1937.0,3.0,1.0,Изолированная,,1 раздельный,Есть,Евроремонт,,1.0,5.0,5.0,пешком,25000,10.0,24.0,84.0,0.3333333333333333,2,1041.6666666666667
374,Москва,ЮВАО,р-н Выхино-Жулебино,Лермонтовский проспект,Лермонтовский проспект 12,1958.0,4.0,1.0,,,,Есть,Косметический,,5.0,14.0,1.0,пешком,16000,7.0,16.0,63.0,0.25,1,1000.0
375,Москва,СВАО,р-н Бибирево,Бибирево,улица Плещеева 15Б,1974.0,4.0,1.0,Изолированная,2.64,,,Косметический,2.0,4.0,9.0,15.0,пешком,15000,3.0,19.0,47.0,0.25,1,789.4736842105264
376,Москва,ЮВАО,р-н Печатники,Печатники,улица Гурьянова 2К4,2006.0,3.0,1.0,Изолированная,2.7,,Есть,Косметический,,10.0,16.0,8.0,пешком,15000,12.0,15.0,15.0,0.3333333333333333,1,1000.0
377,Москва,СВАО,р-н Лианозово,Алтуфьево,Абрамцевская улица 3,1958.0,2.0,1.0,Изолированная,,1 раздельный,Есть,Косметический,,7.0,12.0,10.0,пешком,14000,7.0,12.0,63.0,0.5,1,1166.6666666666667
378,Москва,ЮЗАО,р-н Коньково,Коньково,улица Академика Арцимовича 14К2,1967.0,2.0,1.0,,2.5,1 совмещенный,Есть,Косметический,2.0,5.0,9.0,12.0,пешком,18000,7.0,13.0,54.0,0.5,1,1384.6153846153845
379,Москва,НАО (Новомосковский),м. Коммунарка,Коммунарка,улица Липовый Парк 9,2014.0,3.0,1.0,Изолированная,3.0,1 совмещенный,Есть,Евроремонт,2.0,14.0,14.0,15.0,пешком,16000,30.0,12.0,7.0,0.3333333333333333,2,1333.3333333333333
380,Москва,ЮЗАО,р-н Северное Бутово,Бульвар Дмитрия Донского,Ратная улица 8К3,1991.0,3.0,1.0,Изолированная,2.64,1 раздельный,Есть,Косметический,2.0,1.0,12.0,5.0,пешком,15000,8.0,17.0,30.0,0.3333333333333333,1,882.3529411764706
381,Москва,ЮВАО,р-н Марьино,Курьяново,Подольская улица 17,1980.0,2.0,1.0,Изолированная,2.5,1 раздельный,Есть,Косметический,,5.0,12.0,9.0,пешком,17000,10.0,13.0,41.0,0.5,1,1307.6923076923076
382,Москва,СВАО,р-н Бибирево,Бибирево,улица Лескова 30,1980.0,2.0,1.0,Изолированная,2.64,1 совмещенный,,Евроремонт,2.0,11.0,12.0,12.0,пешком,20000,10.0,14.0,41.0,0.5,2,1428.5714285714287
383,Москва,ЮАО,р-н Чертаново Центральное,Пражская,улица Красного Маяка 15АС1,1958.0,5.0,1.0,Изолированная,,1 раздельный,,Косметический,2.0,4.0,4.0,15.0,пешком,11000,15.0,12.0,63.0,0.2,1,916.6666666666666
384,Москва,СВАО,р-н Лосиноостровский,Бабушкинская,2-я Напрудная улица 15,1971.0,2.0,1.0,Изолированная,2.64,1 раздельный,Есть,Косметический,2.0,6.0,14.0,241.86831249999997,на транспорте,16000,6.0,10.0,50.0,0.5,1,1600.0
385,Москва,ЮВАО,р-н Лефортово,Авиамоторная,Авиамоторная улица 22/12,1958.0,3.0,1.0,,,1 раздельный,Есть,Евроремонт,,4.0,5.0,4.0,пешком,25000,7.0,22.0,63.0,0.3333333333333333,2,1136.3636363636363
386,Москва,СВАО,р-н Северное Медведково,Медведково,Студеный проезд 34К1,1973.0,4.0,1.0,Изолированная,2.64,1 раздельный,Есть,Косметический,2.0,8.0,9.0,9.0,пешком,14000,8.0,14.0,48.0,0.25,1,1000.0
387,Москва,ЮВАО,р-н Люблино,Люблино,Краснодарская улица 52,1982.0,3.0,1.0,Изолированная,,1 раздельный,Есть,Косметический,,6.0,12.0,6.0,пешком,18000,9.0,18.0,39.0,0.3333333333333333,1,1000.0
388,Москва,САО,р-н Бескудниковский,Селигерская,Бескудниковский бульвар 21К2,2010.0,3.0,1.0,Изолированная,2.7,1 раздельный,Есть,Косметический,2.0,8.0,17.0,6.0,пешком,18000,12.0,18.0,11.0,0.3333333333333333,1,1000.0
389,Москва,СВАО,р-н Отрадное,Владыкино,улица Хачатуряна 2,1958.0,2.0,1.0,,,1 раздельный,Есть,Косметический,,6.0,12.0,15.0,пешком,20000,10.0,16.0,63.0,0.5,1,1250.0
390,Москва,ЮВАО,р-н Лефортово,Площадь Ильича,Золоторожский проезд 2,1958.0,3.0,1.0,Изолированная,,1 раздельный,Есть,Косметический,2.0,1.0,5.0,5.0,пешком,18000,6.0,15.0,63.0,0.3333333333333333,1,1200.0
391,Москва,ЮВАО,р-н Выхино-Жулебино,Выхино,Рязанский проспект 76/2,1975.0,3.0,1.0,Изолированная,2.48,1 раздельный,Есть,Косметический,0.0,2.0,12.0,8.0,пешком,20000,11.0,20.0,46.0,0.3333333333333333,1,1000.0
392,Москва,ЗАО,р-н Филевский парк,улица Народного ополчения,Филевский бульвар 7к1,1984.0,4.0,1.0,Изолированная,2.64,1 раздельный,Есть,Косметический,2.0,11.0,22.0,18.0,пешком,15000,12.0,15.0,37.0,0.25,1,1000.0
393,Москва,ЮАО,р-н Нагатино-Садовники,Каширская,улица Академика Миллионщикова 35К2,1981.0,3.0,1.0,Изолированная,,,Есть,Евроремонт,2.0,2.0,16.0,8.0,пешком,27000,7.0,17.0,40.0,0.3333333333333333,2,1588.235294117647
394,Москва,ЮВАО,р-н Выхино-Жулебино,Лермонтовский проспект,Привольная улица 9К3,1992.0,3.0,1.0,,2.64,1 раздельный,Есть,Косметический,,4.0,12.0,13.0,пешком,19000,10.0,17.0,29.0,0.3333333333333333,1,1117.6470588235295
395,Москва,ЮВАО,р-н Кузьминки,Кузьминки,улица Юных Ленинцев 109К2,1961.0,2.0,1.0,,,1 совмещенный,Есть,Косметический,,1.0,5.0,14.0,пешком,17000,6.0,11.0,60.0,0.5,1,1545.4545454545455
396,Москва,ВАО,р-н Соколиная гора,Шоссе Энтузиастов,проспект Буденного 51к7,2017.0,2.0,1.0,,2.7,2 раздельных,Есть,Евроремонт,,19.0,23.0,9.0,пешком,40000,13.3,18.0,4.0,0.5,2,2222.222222222222
397,Москва,ЮВАО,р-н Люблино,Братиславская,Люблинская улица 143К1,1957.0,2.0,1.0,Изолированная,3.0,1 раздельный,Есть,Косметический,2.0,2.0,3.0,13.0,пешком,20000,9.0,20.0,64.0,0.5,1,1000.0
398,Москва,ЗелАО,р-н Крюково,Крюково,мкр. 14-й к1471,1993.0,2.0,1.0,Изолированная,2.64,1 раздельный,Есть,Косметический,2.0,6.0,14.0,18.0,пешком,14000,9.0,15.0,28.0,0.5,1,933.3333333333334
399,Москва,СВАО,р-н Бибирево,Алтуфьево,Белозерская улица 17Б,1975.0,3.0,1.0,Изолированная,2.64,1 раздельный,,Косметический,2.0,1.0,9.0,302.335390625,на транспорте,18000,7.0,15.0,46.0,0.3333333333333333,1,1200.0
400,Москва,САО,р-н Хорошевский,Аэропорт,улица Викторенко 3,1959.0,3.0,1.0,Изолированная,,1 раздельный,Есть,Косметический,2.0,2.0,5.0,3.0,пешком,19000,8.0,18.0,62.0,0.3333333333333333,1,1055.5555555555557
401,Москва,СЗАО,р-н Митино,Пятницкое шоссе,Митинская улица 57,1992.0,3.0,1.0,Изолированная,2.64,1 совмещенный,Есть,Косметический,2.0,8.0,17.0,1.0,пешком,21000,10.0,14.0,29.0,0.3333333333333333,1,1500.0
402,Москва,ЮАО,р-н Орехово-Борисово Южное,Зябликово,Воронежская улица 44К1,1986.0,2.0,1.0,Изолированная,2.64,1 раздельный,Есть,Косметический,2.0,10.0,17.0,4.0,пешком,20000,9.0,15.0,35.0,0.5,1,1333.3333333333333
403,Москва,ЗелАО,р-н Матушкино,Крюково,мкр. 4-й к427,1966.0,2.0,1.0,Изолированная,2.64,1 раздельный,Есть,Косметический,2.0,12.0,12.0,483.73662499999995,на транспорте,16000,7.0,17.0,55.0,0.5,1,941.1764705882352
404,Москва,ЗелАО,р-н Савёлки,Малино,мкр. 3-й к356,2000.0,2.0,1.0,,2.64,1 раздельный,Есть,Без ремонта,2.0,13.0,14.0,665.137859375,на транспорте,16000,9.0,15.0,21.0,0.5,0,1066.6666666666667
405,Москва,ЮВАО,р-н Некрасовка,Некрасовка,улица Маршала Еременко 5к1,1958.0,2.0,1.0,,,1 раздельный,Есть,Евроремонт,,13.0,17.0,362.80246874999995,на транспорте,16000,9.5,20.0,63.0,0.5,2,800.0
406,Москва,ЮАО,р-н Нагатино-Садовники,Коломенская,Нагатинская улица 28,1957.0,3.0,1.0,Изолированная,,1 раздельный,Есть,Косметический,2.0,2.0,5.0,7.0,пешком,24000,9.0,20.4,64.0,0.3333333333333333,1,1176.4705882352941
407,Москва,САО,р-н Аэропорт,Аэропорт,Ленинградский проспект 58,1940.0,2.0,1.0,Изолированная,,1 совмещенный,,Дизайнерский,0.0,3.0,6.0,2.0,пешком,28000,20.0,15.0,81.0,0.5,3,1866.6666666666667
408,Москва,ВАО,р-н Вешняки,Выхино,Вешняковская улица 27К3,1971.0,2.0,1.0,Изолированная,,1 раздельный,Есть,Косметический,2.0,4.0,9.0,19.0,пешком,16000,6.0,15.0,50.0,0.5,1,1066.6666666666667
409,Москва,ЦАО,р-н Пресненский,Белорусская,улица Пресненский Вал 38С1,1912.0,2.0,1.0,Изолированная,,1 раздельный,,Косметический,,2.0,4.0,12.0,пешком,20000,10.0,17.0,109.0,0.5,1,1176.4705882352941
410,Москва,ЗелАО,р-н Крюково,Крюково,мкр. 15-й к1505,1992.0,2.0,1.0,,2.64,1 раздельный,Есть,Косметический,2.0,7.0,17.0,20.0,пешком,15000,9.0,14.0,29.0,0.5,1,1071.4285714285713
411,Москва,СВАО,р-н Лосиноостровский,Бабушкинская,улица Летчика Бабушкина 42,1958.0,3.0,1.0,,,1 раздельный,Есть,Евроремонт,,7.0,17.0,13.0,пешком,19000,12.0,14.0,63.0,0.3333333333333333,2,1357.142857142857
412,Москва,СЗАО,р-н Северное Тушино,Сходненская,улица Героев Панфиловцев 9К2,1971.0,3.0,1.0,Изолированная,2.64,1 раздельный,Есть,Евроремонт,2.0,4.0,9.0,8.0,пешком,25000,7.0,15.0,50.0,0.3333333333333333,2,1666.6666666666667
413,Москва,ЮВАО,р-н Выхино-Жулебино,Жулебино,улица Авиаконструктора Миля 19,1958.0,3.0,1.0,,2.8,1 раздельный,,Евроремонт,,2.0,10.0,7.0,пешком,17000,12.0,14.0,63.0,0.3333333333333333,2,1214.2857142857142
414,Москва,ЮАО,р-н Орехово-Борисово Южное,Зябликово,Гурьевский проезд 15К2,1986.0,3.0,1.0,Изолированная,2.64,1 раздельный,Есть,Косметический,2.0,1.0,17.0,9.0,пешком,20000,10.0,16.0,35.0,0.3333333333333333,1,1250.0
415,Москва,ЮВАО,р-н Некрасовка,Некрасовка,улица Вертолетчиков 4к5,1958.0,3.0,1.0,,,1 совмещенный,,Косметический,,6.0,19.0,14.0,пешком,23000,8.0,15.0,63.0,0.3333333333333333,1,1533.3333333333333
416,Москва,ЗАО,р-н Кунцево,Рабочий поселок,улица Леси Украинки 12,1958.0,3.0,1.0,Изолированная,,1 раздельный,Есть,Косметический,2.0,1.0,3.0,5.0,пешком,22000,8.0,17.5,63.0,0.3333333333333333,1,1257.142857142857
417,Москва,ВАО,р-н Гольяново,Щелковская,Алтайская улица 34,1981.0,3.0,1.0,Изолированная,2.64,1 раздельный,Есть,Косметический,2.0,2.0,9.0,302.335390625,на транспорте,18000,8.0,17.0,40.0,0.3333333333333333,1,1058.8235294117646
418,Москва,ЮАО,р-н Орехово-Борисово Северное,Шипиловская,Борисовский проезд 34,1975.0,3.0,1.0,Изолированная,2.64,1 раздельный,Есть,Косметический,2.0,6.0,16.0,12.0,пешком,17000,10.0,14.0,46.0,0.3333333333333333,1,1214.2857142857142
419,Москва,СВАО,р-н Отрадное,Отрадное,Юрловский проезд 21,2005.0,3.0,1.0,Изолированная,,2 раздельных,Есть,Евроремонт,2.0,4.0,18.0,17.0,пешком,25000,10.0,20.0,16.0,0.3333333333333333,2,1250.0
420,Москва,СВАО,р-н Марьина роща,Марьина роща,улица 3-я Марьиной рощи 22/28,1958.0,3.0,1.0,,,,,Косметический,,1.0,5.0,4.0,пешком,22000,9.235539215686275,15.979064587973273,63.0,0.3333333333333333,1,1376.8014941599533
421,Москва,ЮАО,р-н Нагатино-Садовники,Каширская,улица Академика Миллионщикова 35К2,1981.0,3.0,1.0,Изолированная,,1 совмещенный,Есть,Косметический,2.0,4.0,16.0,8.0,пешком,28000,7.0,17.0,40.0,0.3333333333333333,1,1647.0588235294117
422,Москва,ЮАО,р-н Даниловский,Серпуховская,2-й Павловский переулок 13,1966.0,2.0,1.0,Изолированная,,1 раздельный,Есть,Косметический,2.0,1.0,9.0,14.0,пешком,20000,8.0,18.0,55.0,0.5,1,1111.111111111111
423,Москва,ЮВАО,р-н Марьино,Курьяново,Новочеркасский бульвар 14,1980.0,2.0,1.0,Изолированная,2.64,1 совмещенный,Есть,Косметический,2.0,4.0,9.0,15.0,пешком,20000,6.0,19.0,41.0,0.5,1,1052.6315789473683
424,Москва,ВАО,р-н Соколиная гора,Измайлово,Фортунатовская улица 27А,1958.0,3.0,1.0,Изолированная,3.0,1 раздельный,Есть,Косметический,2.0,4.0,5.0,5.0,пешком,24000,9.0,14.0,63.0,0.3333333333333333,1,1714.2857142857142
425,Москва,ЮАО,р-н Чертаново Северное,Южная,Кировоградская улица 10К2,1958.0,2.0,1.0,Изолированная,,1 раздельный,Есть,Косметический,2.0,4.0,9.0,5.0,пешком,20000,7.0,19.0,63.0,0.5,1,1052.6315789473683
426,Москва,ЦАО,р-н Замоскворечье,Павелецкая,Пятницкая улица 53/18С1,1917.0,6.0,1.0,Изолированная,3.0,1 раздельный,Есть,Косметический,2.0,5.0,7.0,6.0,пешком,25000,6.0,20.0,104.0,0.16666666666666666,1,1250.0
427,Москва,ЦАО,р-н Тверской,Маяковская,Оружейный переулок 25С1а,1958.0,3.0,1.0,Изолированная,,1 раздельный,Есть,Косметический,2.0,4.0,9.0,6.0,пешком,30000,8.0,50.0,63.0,0.3333333333333333,1,600.0
428,Москва,ЗелАО,р-н Матушкино,Крюково,мкр. 1-й к139,2002.0,3.0,1.0,Изолированная,,1 раздельный,,Косметический,,1.0,14.0,483.73662499999995,на транспорте,16000,9.235539215686275,18.0,19.0,0.3333333333333333,1,888.8888888888889
429,Москва,СВАО,р-н Лианозово,Алтуфьево,Череповецкая улица 5/14,1970.0,4.0,1.0,Изолированная,2.64,1 совмещенный,Есть,Косметический,2.0,1.0,12.0,8.0,пешком,18000,12.0,12.0,51.0,0.25,1,1500.0
430,Москва,СВАО,р-н Ярославский,Бабушкинская,улица Егора Абакумова 5,1958.0,2.0,1.0,Смежная,,1 совмещенный,Есть,Косметический,2.0,4.0,5.0,302.335390625,на транспорте,15000,6.0,14.0,63.0,0.5,1,1071.4285714285713
431,Москва,ЗАО,р-н Фили-Давыдково,Кунцевская,улица Алексея Свиридова 1,1958.0,3.0,1.0,Изолированная,,,,Косметический,,2.0,4.0,7.0,пешком,25000,10.0,21.0,63.0,0.3333333333333333,1,1190.4761904761904
432,Москва,СЗАО,р-н Строгино,Строгино,улица Исаковского 14К1,1979.0,2.0,1.0,Изолированная,2.64,1 раздельный,,Косметический,2.0,4.0,9.0,18.0,пешком,18000,6.0,13.0,42.0,0.5,1,1384.6153846153845
433,Москва,ЮЗАО,р-н Ломоносовский,Университет,улица Марии Ульяновой 8,1958.0,3.0,1.0,Изолированная,,1 раздельный,Есть,Косметический,2.0,6.0,8.0,19.0,пешком,21000,8.0,15.2,63.0,0.3333333333333333,1,1381.578947368421
434,Москва,СЗАО,р-н Северное Тушино,Сходненская,Туристская улица 19К1,1969.0,3.0,1.0,Изолированная,2.64,1 раздельный,Есть,Косметический,,3.0,12.0,15.0,пешком,18000,9.0,15.0,52.0,0.3333333333333333,1,1200.0
435,Москва,ЮВАО,р-н Лефортово,Авиамоторная,2-я Кабельная улица 15,1958.0,3.0,1.0,,3.0,1 раздельный,,Дизайнерский,,4.0,5.0,5.0,пешком,26000,10.0,25.0,63.0,0.3333333333333333,3,1040.0
436,Москва,СВАО,р-н Бибирево,Бибирево,улица Коненкова 11,1974.0,3.0,1.0,Изолированная,,1 раздельный,Есть,Косметический,2.0,6.0,12.0,8.0,пешком,17000,7.0,12.0,47.0,0.3333333333333333,1,1416.6666666666667
437,Москва,ЗАО,р-н Фили-Давыдково,Кунцевская,улица Алексея Свиридова 1,1958.0,3.0,1.0,Изолированная,,1 раздельный,Есть,Косметический,0.0,2.0,4.0,7.0,пешком,20000,8.0,20.0,63.0,0.3333333333333333,1,1000.0
438,Москва,ЮВАО,р-н Южнопортовый,Дубровка,Шарикоподшипниковская улица 7К2,1959.0,3.0,1.0,Изолированная,2.65,1 раздельный,Есть,Косметический,2.0,1.0,5.0,8.0,пешком,25000,8.0,20.0,62.0,0.3333333333333333,1,1250.0
439,Москва,ЮАО,р-н Чертаново Центральное,Пражская,улица Красного Маяка 15АС1,1958.0,5.0,1.0,Изолированная,,1 раздельный,,Косметический,2.0,2.0,4.0,15.0,пешком,13000,15.0,23.0,63.0,0.2,1,565.2173913043479
440,Москва,САО,р-н Дмитровский,Лианозово,Дмитровское шоссе 121К1,1959.0,3.0,1.0,,2.65,1 совмещенный,,Косметический,,3.0,5.0,181.40123437499997,на транспорте,22000,7.0,14.0,62.0,0.3333333333333333,1,1571.4285714285713
441,Москва,ВАО,р-н Перово,Шоссе Энтузиастов,Электродная улица 2С29,1958.0,4.0,1.0,,,1 совмещенный,,Косметический,,4.0,4.0,6.0,пешком,19000,9.235539215686275,13.0,63.0,0.25,1,1461.5384615384614
442,Москва,ЦАО,р-н Пресненский,Улица 1905 года,улица Анатолия Живова 3,1928.0,3.0,1.0,Изолированная,,1 совмещенный,Есть,Евроремонт,2.0,1.0,5.0,10.0,пешком,31000,12.0,15.0,93.0,0.3333333333333333,2,2066.6666666666665
443,Москва,ЮЗАО,р-н Южное Бутово,Бунинская аллея,Южнобутовская улица 139,1998.0,2.0,1.0,Изолированная,,1 раздельный,,Косметический,2.0,1.0,9.0,14.0,пешком,13000,11.0,20.0,23.0,0.5,1,650.0
444,Москва,САО,р-н Аэропорт,Аэропорт,Ленинградский проспект 52,1999.0,2.0,1.0,Изолированная,,1 совмещенный,,Евроремонт,2.0,4.0,14.0,5.0,пешком,35000,50.0,12.0,22.0,0.5,2,2916.6666666666665
445,Москва,ЗелАО,р-н Силино,Крюково,мкр. 12-й к1213,1984.0,2.0,1.0,,2.64,1 раздельный,Есть,Косметический,2.0,5.0,22.0,483.73662499999995,на транспорте,12000,9.0,12.0,37.0,0.5,1,1000.0
446,Москва,ЮВАО,р-н Люблино,Люблино,Краснодонская улица 49/17,1961.0,3.0,1.0,Изолированная,2.64,,Есть,Косметический,2.0,4.0,5.0,10.0,пешком,26000,7.0,17.0,60.0,0.3333333333333333,1,1529.4117647058824
447,Москва,ЮАО,р-н Чертаново Центральное,Пражская,улица Красного Маяка 15АС1,1958.0,5.0,1.0,Изолированная,,1 раздельный,,Косметический,2.0,3.0,4.0,15.0,пешком,14000,15.0,16.0,63.0,0.2,1,875.0
448,Москва,ЮАО,р-н Зябликово,Шипиловская,Шипиловская улица 62/1,1976.0,3.0,1.0,Изолированная,2.5,1 раздельный,Есть,Косметический,2.0,12.0,12.0,6.0,пешком,15000,7.0,14.0,45.0,0.3333333333333333,1,1071.4285714285713
449,Москва,ЮЗАО,р-н Южное Бутово,Бутово,2-я Мелитопольская улица 19К2,1990.0,3.0,3.0,,2.6,1 раздельный,Есть,Косметический,,1.0,17.0,362.80246874999995,на транспорте,20000,7.0,46.0,31.0,1.0,1,434.7826086956522
450,Москва,ЮЗАО,р-н Ломоносовский,Университет,проспект Вернадского 15,1958.0,3.0,1.0,Изолированная,,1 раздельный,Есть,Косметический,2.0,2.0,9.0,11.0,пешком,20000,10.0,20.0,63.0,0.3333333333333333,1,1000.0
451,Москва,ЮАО,р-н Даниловский,Тульская,Люсиновская улица 68,1927.0,2.0,1.0,Изолированная,,1 раздельный,Есть,Косметический,2.0,1.0,6.0,7.0,пешком,25000,7.0,24.0,94.0,0.5,1,1041.6666666666667
452,Москва,НАО (Новомосковский),м. Коммунарка,Коммунарка,Солнечный ТСН 51,1958.0,5.0,1.0,Изолированная,,1 раздельный,Есть,Косметический,,2.0,2.0,604.67078125,на транспорте,30000,15.0,35.0,63.0,0.2,1,857.1428571428571
453,Москва,ЮВАО,р-н Южнопортовый,Дубровка,Шарикоподшипниковская улица 40,1958.0,1.0,1.0,,,1 раздельный,Есть,Без ремонта,,9.0,10.0,6.0,пешком,22000,6.0,13.0,63.0,1.0,0,1692.3076923076924
454,Москва,ЮАО,р-н Нагорный,Чертановская,Черноморский бульвар 4,1958.0,2.0,1.0,Изолированная,,1 раздельный,Есть,Косметический,,8.0,9.0,14.0,пешком,16000,6.0,16.0,63.0,0.5,1,1000.0
455,Москва,СЗАО,р-н Северное Тушино,Сходненская,улица Героев Панфиловцев 1К1,1968.0,2.0,1.0,Изолированная,2.64,1 раздельный,Есть,Косметический,2.0,7.0,9.0,4.0,пешком,12000,7.0,12.0,53.0,0.5,1,1000.0
456,Москва,ВАО,р-н Гольяново,Щелковская,Байкальская улица 41К1,1966.0,3.0,1.0,Изолированная,2.64,1 раздельный,Есть,Косметический,2.0,3.0,5.0,19.0,пешком,14000,8.0,15.0,55.0,0.3333333333333333,1,933.3333333333334
457,Москва,САО,р-н Войковский,Войковская,улица Клары Цеткин 19,1969.0,3.0,1.0,,2.64,1 раздельный,Есть,Косметический,2.0,6.0,9.0,14.0,пешком,15000,6.0,15.0,52.0,0.3333333333333333,1,1000.0
458,Москва,СВАО,р-н Лианозово,Алтуфьево,Абрамцевская улица 3,1977.0,2.0,1.0,Изолированная,2.5,1 раздельный,Есть,Косметический,2.0,4.0,12.0,14.0,пешком,15000,7.0,14.0,44.0,0.5,1,1071.4285714285713
459,Москва,ЮАО,р-н Зябликово,Красногвардейская,Ореховый бульвар 51,1958.0,3.0,1.0,Изолированная,,1 раздельный,Есть,Косметический,2.0,1.0,9.0,4.0,пешком,15000,8.0,12.0,63.0,0.3333333333333333,1,1250.0
460,Москва,ЮАО,р-н Зябликово,Красногвардейская,Кустанайская улица 7К2,1958.0,3.0,1.0,,,,,Косметический,,1.0,5.0,5.0,пешком,15000,9.235539215686275,15.979064587973273,63.0,0.3333333333333333,1,938.7282914726954
461,Москва,ЗАО,р-н Филевский парк,Багратионовская,улица Олеко Дундича 3,1958.0,3.0,1.0,,,,,Косметический,,1.0,5.0,2.0,пешком,18000,9.235539215686275,15.979064587973273,63.0,0.3333333333333333,1,1126.4739497672344
462,Москва,СЗАО,р-н Строгино,Строгино,Таллинская улица 5К3,1958.0,3.0,1.0,,,,,Косметический,,1.0,5.0,5.0,пешком,18000,9.235539215686275,15.979064587973273,63.0,0.3333333333333333,1,1126.4739497672344
463,Москва,ЮЗАО,р-н Коньково,Коньково,улица Островитянова 31,1958.0,3.0,1.0,,,,,Косметический,,1.0,5.0,2.0,пешком,18000,9.235539215686275,15.979064587973273,63.0,0.3333333333333333,1,1126.4739497672344
464,Москва,ЮАО,р-н Нагатинский затон,Коломенская,Коломенская набережная 18,1958.0,3.0,1.0,,,,,Косметический,,1.0,5.0,302.335390625,на транспорте,18000,9.235539215686275,15.979064587973273,63.0,0.3333333333333333,1,1126.4739497672344
465,Москва,СЗАО,р-н Строгино,Строгино,улица Исаковского 20К2,1958.0,3.0,1.0,,,,,Косметический,,1.0,5.0,14.0,пешком,20000,9.235539215686275,15.979064587973273,63.0,0.3333333333333333,1,1251.6377219635938
466,Москва,ВАО,р-н Измайлово,Первомайская,9-я Парковая улица 15,1958.0,3.0,1.0,,,,,Косметический,,1.0,5.0,1.0,пешком,20000,9.235539215686275,15.979064587973273,63.0,0.3333333333333333,1,1251.6377219635938
467,Москва,ВАО,р-н Сокольники,Сокольники,Большая Остроумовская улица 21,1958.0,3.0,1.0,,,,,Косметический,,1.0,5.0,13.0,пешком,20000,9.235539215686275,15.979064587973273,63.0,0.3333333333333333,1,1251.6377219635938
468,Москва,ЮВАО,р-н Рязанский,Рязанский проспект,1-я Новокузьминская улица 27/12,1958.0,3.0,1.0,,,,,Косметический,,1.0,5.0,3.0,пешком,20000,9.235539215686275,15.979064587973273,63.0,0.3333333333333333,1,1251.6377219635938
469,Москва,СВАО,р-н Бибирево,Бибирево,улица Коненкова 4,1958.0,3.0,1.0,,,,,Косметический,,1.0,5.0,7.0,пешком,20000,9.235539215686275,15.979064587973273,63.0,0.3333333333333333,1,1251.6377219635938
470,Москва,СВАО,р-н Лианозово,Алтуфьево,Илимская улица 4,1958.0,3.0,1.0,,,,,Косметический,,1.0,5.0,15.0,пешком,20000,9.235539215686275,15.979064587973273,63.0,0.3333333333333333,1,1251.6377219635938
